reporterISO,reporterDesc,refYear,import_value,previous_year,previous_import_value,growth_percent,next_year,next_year_import_value
ABW,Aruba,2021,6580853.538,,,,2022.0,8428034.518
ABW,Aruba,2022,8428034.518,2021.0,6580853.538,28.069018241080318,2023.0,9101790.374
ABW,Aruba,2023,9101790.374,2022.0,8428034.518,7.994222787780954,,
AGO,Angola,2021,10815357.58,,,,2022.0,29010841.78
AGO,Angola,2022,29010841.78,2021.0,10815357.58,168.23747218166415,2023.0,15935906.44
AGO,Angola,2023,15935906.44,2022.0,29010841.78,-45.06913463301788,2024.0,9524936.44
AGO,Angola,2024,9524936.44,2023.0,15935906.44,-40.229716609706706,2025.0,12792968.42
AGO,Angola,2025,12792968.42,2024.0,9524936.44,34.310275985421704,,
ALB,Albania,2021,8036671.853,,,,2022.0,382170.394
ALB,Albania,2022,382170.394,2021.0,8036671.853,-95.2446684275489,2023.0,13401826.107
ALB,Albania,2023,13401826.107,2022.0,382170.394,3406.7672214818404,2024.0,18200434.557
ALB,Albania,2024,18200434.557,2023.0,13401826.107,35.80563134969797,,
AND,Andorra,2021,9387679.947,,,,2022.0,12740298.065
AND,Andorra,2022,12740298.065,2021.0,9387679.947,35.71295716223674,2023.0,11874490.647
AND,Andorra,2023,11874490.647,2022.0,12740298.065,-6.795817598479394,2024.0,13467824.126
AND,Andorra,2024,13467824.126,2023.0,11874490.647,13.41812062821022,2025.0,14318404.506
AND,Andorra,2025,14318404.506,2024.0,13467824.126,6.315648110951572,,
ARE,United Arab Emirates,2021,326466432.046,,,,2022.0,346347998.402
ARE,United Arab Emirates,2022,346347998.402,2021.0,326466432.046,6.089926682936468,2023.0,340253760.712
ARE,United Arab Emirates,2023,340253760.712,2022.0,346347998.402,-1.7595706393909987,,
ARG,Argentina,2021,3501366.27,,,,2022.0,3946944.83
ARG,Argentina,2022,3946944.83,2021.0,3501366.27,12.72584830149746,2023.0,2866077.37
ARG,Argentina,2023,2866077.37,2022.0,3946944.83,-27.384914321186493,2024.0,4675935.36
ARG,Argentina,2024,4675935.36,2023.0,2866077.37,63.147562202760774,2025.0,18621188.97
ARG,Argentina,2025,18621188.97,2024.0,4675935.36,298.23452499565775,,
ARM,Armenia,2021,7167697.94,,,,2022.0,9938806.21
ARM,Armenia,2022,9938806.21,2021.0,7167697.94,38.661063750127845,2023.0,12291200.9
ARM,Armenia,2023,12291200.9,2022.0,9938806.21,23.668785166905867,2024.0,15780482.02
ARM,Armenia,2024,15780482.02,2023.0,12291200.9,28.388447543803462,2025.0,17417760.83
ARM,Armenia,2025,17417760.83,2024.0,15780482.02,10.375340930175202,,
ATG,Antigua and Barbuda,2021,3846017.237,,,,2022.0,7617337.996
ATG,Antigua and Barbuda,2022,7617337.996,2021.0,3846017.237,98.05782258900469,2023.0,5604393.283
ATG,Antigua and Barbuda,2023,5604393.283,2022.0,7617337.996,-26.425828997702787,2024.0,6929787.019
ATG,Antigua and Barbuda,2024,6929787.019,2023.0,5604393.283,23.649192143962544,,
AUS,Australia,2021,661195087.177,,,,2022.0,694405429.332
AUS,Australia,2022,694405429.332,2021.0,661195087.177,5.022775093020263,2023.0,486928241.038
AUS,Australia,2023,486928241.038,2022.0,694405429.332,-29.878393735139387,2024.0,577250074.218
AUS,Australia,2024,577250074.218,2023.0,486928241.038,18.5493108774012,2025.0,603201415.975
AUS,Australia,2025,603201415.975,2024.0,577250074.218,4.4956844383530346,,
AUT,Austria,2021,509107620.233,,,,2022.0,480644663.697
AUT,Austria,2022,480644663.697,2021.0,509107620.233,-5.590754371928964,2023.0,460711279.228
AUT,Austria,2023,460711279.228,2022.0,480644663.697,-4.147218511837283,2024.0,477890248.121
AUT,Austria,2024,477890248.121,2023.0,460711279.228,3.728792774899344,2025.0,509038568.896
AUT,Austria,2025,509038568.896,2024.0,477890248.121,6.51788164698297,,
AZE,Azerbaijan,2021,20098724.62,,,,2022.0,26483246.64
AZE,Azerbaijan,2022,26483246.64,2021.0,20098724.62,31.765806740029852,2023.0,26954349.02
AZE,Azerbaijan,2023,26954349.02,2022.0,26483246.64,1.7788694354734105,2024.0,35850301.11
AZE,Azerbaijan,2024,35850301.11,2023.0,26954349.02,33.00377272476232,2025.0,25263011.91
AZE,Azerbaijan,2025,25263011.91,2024.0,35850301.11,-29.531939404120667,,
BDI,Burundi,2021,1111242.005,,,,2022.0,1389990.494
BDI,Burundi,2022,1389990.494,2021.0,1111242.005,25.084408953745417,2023.0,1330261.075
BDI,Burundi,2023,1330261.075,2022.0,1389990.494,-4.297109890882462,,
BEL,Belgium,2021,423824838.345,,,,2022.0,418742306.772
BEL,Belgium,2022,418742306.772,2021.0,423824838.345,-1.1992056890405167,2023.0,389253567.576
BEL,Belgium,2023,389253567.576,2022.0,418742306.772,-7.042216350987504,2024.0,364914166.269
BEL,Belgium,2024,364914166.269,2023.0,389253567.576,-6.252839622914394,2025.0,393631512.471
BEL,Belgium,2025,393631512.471,2024.0,364914166.269,7.869616708941564,,
BEN,Benin,2021,1140829.014,,,,2022.0,6925466.512
BEN,Benin,2022,6925466.512,2021.0,1140829.014,507.05560842266584,2023.0,1201286.176
BEN,Benin,2023,1201286.176,2022.0,6925466.512,-82.65407573744687,2024.0,1188127.524
BEN,Benin,2024,1188127.524,2023.0,1201286.176,-1.095380290133298,,
BFA,Burkina Faso,2021,5743640.853,,,,2022.0,5758390.181
BFA,Burkina Faso,2022,5758390.181,2021.0,5743640.853,0.25679405062898253,2023.0,5857386.862
BFA,Burkina Faso,2023,5857386.862,2022.0,5758390.181,1.7191728571405722,2024.0,6237702.955
BFA,Burkina Faso,2024,6237702.955,2023.0,5857386.862,6.492931096412876,,
BGR,Bulgaria,2021,87829271.869,,,,2022.0,99316675.889
BGR,Bulgaria,2022,99316675.889,2021.0,87829271.869,13.079243144738584,2023.0,97895771.7
BGR,Bulgaria,2023,97895771.7,2022.0,99316675.889,-1.4306803729396367,2024.0,98990085.415
BGR,Bulgaria,2024,98990085.415,2023.0,97895771.7,1.117835526495986,2025.0,116167423.167
BGR,Bulgaria,2025,116167423.167,2024.0,98990085.415,17.352584028983067,,
BHR,Bahrain,2021,22140597.007,,,,2022.0,20681352.889
BHR,Bahrain,2022,20681352.889,2021.0,22140597.007,-6.590807454463149,2023.0,28716234.527
BHR,Bahrain,2023,28716234.527,2022.0,20681352.889,38.85085120458244,2024.0,34434860.906
BHR,Bahrain,2024,34434860.906,2023.0,28716234.527,19.914262692147723,,
BHS,Bahamas,2021,16964164.0,,,,2022.0,31633542.0
BHS,Bahamas,2022,31633542.0,2021.0,16964164.0,86.47274336654608,2023.0,36203816.0
BHS,Bahamas,2023,36203816.0,2022.0,31633542.0,14.447556963428248,2024.0,36602283.0
BHS,Bahamas,2024,36602283.0,2023.0,36203816.0,1.1006215477396084,,
BIH,Bosnia Herzegovina,2021,30973527.88,,,,2022.0,30649625.17
BIH,Bosnia Herzegovina,2022,30649625.17,2021.0,30973527.88,-1.045740450538556,2023.0,35049344.363
BIH,Bosnia Herzegovina,2023,35049344.363,2022.0,30649625.17,14.354887436948047,2024.0,36915023.099
BIH,Bosnia Herzegovina,2024,36915023.099,2023.0,35049344.363,5.323006093002737,2025.0,38965705.484
BIH,Bosnia Herzegovina,2025,38965705.484,2024.0,36915023.099,5.555143171657799,,
BLR,Belarus,2021,32338600.0,,,,,
BLZ,Belize,2021,326448.645,,,,2022.0,424722.265
BLZ,Belize,2022,424722.265,2021.0,326448.645,30.103852935275622,2023.0,664133.35
BLZ,Belize,2023,664133.35,2022.0,424722.265,56.368856716282565,2024.0,727664.28
BLZ,Belize,2024,727664.28,2023.0,664133.35,9.565990022937418,2025.0,742966.825
BLZ,Belize,2025,742966.825,2024.0,727664.28,2.1029677312180177,,
BMU,Bermuda,2021,14647426.14,,,,2022.0,9373731.7
BMU,Bermuda,2022,9373731.7,2021.0,14647426.14,-36.00423985479814,2023.0,10056151.41
BMU,Bermuda,2023,10056151.41,2022.0,9373731.7,7.2801284679398375,2024.0,13456870.54
BMU,Bermuda,2024,13456870.54,2023.0,10056151.41,33.817302378902816,2025.0,14365629.68
BMU,Bermuda,2025,14365629.68,2024.0,13456870.54,6.753123895327306,,
BOL,Bolivia (Plurinational State of),2021,3330348.13,,,,2022.0,3400319.0
BOL,Bolivia (Plurinational State of),2022,3400319.0,2021.0,3330348.13,2.1010076805393947,2023.0,3390625.0
BOL,Bolivia (Plurinational State of),2023,3390625.0,2022.0,3400319.0,-0.2850908988244927,2024.0,2152275.0
BOL,Bolivia (Plurinational State of),2024,2152275.0,2023.0,3390625.0,-36.52276497695853,2025.0,2080165.0
BOL,Bolivia (Plurinational State of),2025,2080165.0,2024.0,2152275.0,-3.350408288903602,,
BRA,Brazil,2021,9921811.0,,,,2022.0,8049730.0
BRA,Brazil,2022,8049730.0,2021.0,9921811.0,-18.8683396609752,2023.0,7661560.0
BRA,Brazil,2023,7661560.0,2022.0,8049730.0,-4.822149314324829,2024.0,11133998.0
BRA,Brazil,2024,11133998.0,2023.0,7661560.0,45.322858530116584,2025.0,11631040.0
BRA,Brazil,2025,11631040.0,2024.0,11133998.0,4.4641825874227745,,
BRB,Barbados,2021,3206859.5,,,,2022.0,5206346.0
BRB,Barbados,2022,5206346.0,2021.0,3206859.5,62.35029941286795,2023.0,4285411.5
BRB,Barbados,2023,4285411.5,2022.0,5206346.0,-17.688691838767532,2024.0,4935583.5
BRB,Barbados,2024,4935583.5,2023.0,4285411.5,15.171751884270623,2025.0,8504804.0
BRB,Barbados,2025,8504804.0,2024.0,4935583.5,72.31607975024636,,
BRN,Brunei Darussalam,2021,4995860.38,,,,2022.0,4870878.441
BRN,Brunei Darussalam,2022,4870878.441,2021.0,4995860.38,-2.5017100057548096,2023.0,3579599.414
BRN,Brunei Darussalam,2023,3579599.414,2022.0,4870878.441,-26.510187898158634,2024.0,2568612.091
BRN,Brunei Darussalam,2024,2568612.091,2023.0,3579599.414,-28.24302962633125,,
BTN,Bhutan,2022,1277706.222,,,,2023.0,1270046.325
BTN,Bhutan,2023,1270046.325,2022.0,1277706.222,-0.5995037723155201,2025.0,
BTN,Bhutan,2025,1682515.266,2023.0,,,,
BWA,Botswana,2021,7261193.534,,,,2022.0,6130312.527
BWA,Botswana,2022,6130312.527,2021.0,7261193.534,-15.574312979054117,2023.0,5422024.428
BWA,Botswana,2023,5422024.428,2022.0,6130312.527,-11.553866069314667,,
CAF,Central African Rep.,2021,923610.919,,,,2022.0,548544.141
CAF,Central African Rep.,2022,548544.141,2021.0,923610.919,-40.608742305265025,2023.0,219075.447
CAF,Central African Rep.,2023,219075.447,2022.0,548544.141,-60.062385025091345,2024.0,604040.01
CAF,Central African Rep.,2024,604040.01,2023.0,219075.447,175.72236792012572,,
CAN,Canada,2021,790858281.107,,,,2022.0,806266446.92
CAN,Canada,2022,806266446.92,2021.0,790858281.107,1.948284058103616,2023.0,710731748.494
CAN,Canada,2023,710731748.494,2022.0,806266446.92,-11.84902320950474,2024.0,735820633.42
CAN,Canada,2024,735820633.42,2023.0,710731748.494,3.530007626528844,2025.0,772380931.709
CAN,Canada,2025,772380931.709,2024.0,735820633.42,4.968642713791873,,
CHE,Switzerland,2021,730074273.238,,,,2022.0,689973062.578
CHE,Switzerland,2022,689973062.578,2021.0,730074273.238,-5.492757672742609,2023.0,686908667.66
CHE,Switzerland,2023,686908667.66,2022.0,689973062.578,-0.4441325443272011,2024.0,664715571.551
CHE,Switzerland,2024,664715571.551,2023.0,686908667.66,-3.230865638164419,2025.0,707534511.95
CHE,Switzerland,2025,707534511.95,2024.0,664715571.551,6.441693595215376,,
CHL,Chile,2021,112946528.111,,,,2022.0,104976083.066
CHL,Chile,2022,104976083.066,2021.0,112946528.111,-7.056830500506328,2023.0,55838330.307
CHL,Chile,2023,55838330.307,2022.0,104976083.066,-46.80852183073584,2024.0,71301016.28
CHL,Chile,2024,71301016.28,2023.0,55838330.307,27.691884567439462,2025.0,74093861.743
CHL,Chile,2025,74093861.743,2024.0,71301016.28,3.9169784790057687,,
CHN,China,2021,335833926.0,,,,2022.0,258763517.0
CHN,China,2022,258763517.0,2021.0,335833926.0,-22.9489646617775,2023.0,204715550.0
CHN,China,2023,204715550.0,2022.0,258763517.0,-20.887012058968114,2024.0,183249388.0
CHN,China,2024,183249388.0,2023.0,204715550.0,-10.485848290469384,,
CIV,Côte d'Ivoire,2021,16041800.062,,,,2022.0,18966210.057
CIV,Côte d'Ivoire,2022,18966210.057,2021.0,16041800.062,18.229936688510257,2023.0,14458506.582
CIV,Côte d'Ivoire,2023,14458506.582,2022.0,18966210.057,-23.767022834044315,2024.0,20596683.703
CIV,Côte d'Ivoire,2024,20596683.703,2023.0,14458506.582,42.45374227405806,,
CMR,Cameroon,2021,7426371.19,,,,2022.0,6762220.44
CMR,Cameroon,2022,6762220.44,2021.0,7426371.19,-8.943139697815186,2023.0,6623697.828
CMR,Cameroon,2023,6623697.828,2022.0,6762220.44,-2.0484782066643286,,
COD,Dem. Rep. of the Congo,2021,4974754.254,,,,2022.0,6507861.654
COD,Dem. Rep. of the Congo,2022,6507861.654,2021.0,4974754.254,30.81775142495311,2023.0,12649119.12
COD,Dem. Rep. of the Congo,2023,12649119.12,2022.0,6507861.654,94.36674890323351,,
COG,Congo,2021,2730525.08,,,,2022.0,2711636.809
COG,Congo,2022,2711636.809,2021.0,2730525.08,-0.6917450104505242,2023.0,7299600.689
COG,Congo,2023,7299600.689,2022.0,2711636.809,169.19536808072593,,
COL,Colombia,2021,21837904.66,,,,2022.0,21006454.69
COL,Colombia,2022,21006454.69,2021.0,21837904.66,-3.807370638094904,2023.0,19494857.88
COL,Colombia,2023,19494857.88,2022.0,21006454.69,-7.195868280998359,2024.0,28123030.33
COL,Colombia,2024,28123030.33,2023.0,19494857.88,44.258709158643015,2025.0,31998532.54
COL,Colombia,2025,31998532.54,2024.0,28123030.33,13.780528501104813,,
COM,Comoros,2021,1871317.265,,,,2022.0,1547045.395
COM,Comoros,2022,1547045.395,2021.0,1871317.265,-17.32853514820748,2023.0,1897186.309
COM,Comoros,2023,1897186.309,2022.0,1547045.395,22.63287910824361,,
CPV,Cabo Verde,2021,1677307.298,,,,2022.0,1676401.302
CPV,Cabo Verde,2022,1676401.302,2021.0,1677307.298,-0.054014908364158495,2023.0,1646865.601
CPV,Cabo Verde,2023,1646865.601,2022.0,1676401.302,-1.761851471050688,2024.0,1393352.575
CPV,Cabo Verde,2024,1393352.575,2023.0,1646865.601,-15.393668180698134,,
CRI,Costa Rica,2021,13788744.62,,,,2022.0,14401041.93
CRI,Costa Rica,2022,14401041.93,2021.0,13788744.62,4.44055878090518,2023.0,14727057.49
CRI,Costa Rica,2023,14727057.49,2022.0,14401041.93,2.2638331419676696,2024.0,21522623.2
CRI,Costa Rica,2024,21522623.2,2023.0,14727057.49,46.14340450978982,,
CUB,Cuba,2021,912521.15,,,,2022.0,568995.33
CUB,Cuba,2022,568995.33,2021.0,912521.15,-37.64579264820328,,
CYM,Cayman Isds,2021,14223905.236,,,,2022.0,8551651.192
CYM,Cayman Isds,2022,8551651.192,2021.0,14223905.236,-39.87831717019462,2023.0,7630405.443
CYM,Cayman Isds,2023,7630405.443,2022.0,8551651.192,-10.772723633323793,2024.0,4682765.035
CYM,Cayman Isds,2024,4682765.035,2023.0,7630405.443,-38.63019376911503,,
CYP,Cyprus,2021,49236111.858,,,,2022.0,47524951.331
CYP,Cyprus,2022,47524951.331,2021.0,49236111.858,-3.4754176607915257,2023.0,51223629.266
CYP,Cyprus,2023,51223629.266,2022.0,47524951.331,7.782602257158748,2024.0,47546483.05
CYP,Cyprus,2024,47546483.05,2023.0,51223629.266,-7.178613207793018,2025.0,57706523.135
CYP,Cyprus,2025,57706523.135,2024.0,47546483.05,21.36864691824983,,
CZE,Czechia,2021,431218853.0,,,,2022.0,418262101.0
CZE,Czechia,2022,418262101.0,2021.0,431218853.0,-3.004681244769231,2023.0,408303362.0
CZE,Czechia,2023,408303362.0,2022.0,418262101.0,-2.3809804847702423,2024.0,374920995.0
CZE,Czechia,2024,374920995.0,2023.0,408303362.0,-8.17587365347239,2025.0,298126959.0
CZE,Czechia,2025,298126959.0,2024.0,374920995.0,-20.482724900482033,,
DEU,Germany,2021,2673324149.015,,,,2022.0,2416885019.674
DEU,Germany,2022,2416885019.674,2021.0,2673324149.015,-9.5925190903425,2023.0,2264819401.77
DEU,Germany,2023,2264819401.77,2022.0,2416885019.674,-6.291801913047196,2024.0,2258093198.564
DEU,Germany,2024,2258093198.564,2023.0,2264819401.77,-0.29698629395099646,2025.0,2764834109.814
DEU,Germany,2025,2764834109.814,2024.0,2258093198.564,22.44109816070719,,
DJI,Djibouti,2021,2601015.017,,,,2022.0,1658826.27
DJI,Djibouti,2022,1658826.27,2021.0,2601015.017,-36.223887245630614,2023.0,1381739.836
DJI,Djibouti,2023,1381739.836,2022.0,1658826.27,-16.703764523815995,,
DMA,Dominica,2021,426782.536,,,,2022.0,450812.512
DMA,Dominica,2022,450812.512,2021.0,426782.536,5.630496558087832,2023.0,712165.214
DMA,Dominica,2023,712165.214,2022.0,450812.512,57.973701936649014,,
DNK,Denmark,2021,377374586.573,,,,2022.0,366986536.356
DNK,Denmark,2022,366986536.356,2021.0,377374586.573,-2.75271589200947,2023.0,328746504.462
DNK,Denmark,2023,328746504.462,2022.0,366986536.356,-10.420009484191201,2024.0,333523163.187
DNK,Denmark,2024,333523163.187,2023.0,328746504.462,1.4529914874127887,2025.0,378263453.536
DNK,Denmark,2025,378263453.536,2024.0,333523163.187,13.414447716758737,,
DOM,Dominican Rep.,2021,24386580.279,,,,2022.0,23276596.615
DOM,Dominican Rep.,2022,23276596.615,2021.0,24386580.279,-4.551616714196866,2023.0,26099771.85
DOM,Dominican Rep.,2023,26099771.85,2022.0,23276596.615,12.128814541472446,2024.0,42484881.035
DOM,Dominican Rep.,2024,42484881.035,2023.0,26099771.85,62.778744883932745,2025.0,47607145.959
DOM,Dominican Rep.,2025,47607145.959,2024.0,42484881.035,12.056677103038528,,
DZA,Algeria,2024,5377676.0,,,,,
ECU,Ecuador,2021,12065940.153,,,,2022.0,11847674.7
ECU,Ecuador,2022,11847674.7,2021.0,12065940.153,-1.8089386341414386,2023.0,11913561.9
ECU,Ecuador,2023,11913561.9,2022.0,11847674.7,0.5561192526665264,2024.0,13109451.765
ECU,Ecuador,2024,13109451.765,2023.0,11913561.9,10.038054739951452,2025.0,11539154.466
ECU,Ecuador,2025,11539154.466,2024.0,13109451.765,-11.978359790700221,,
EGY,Egypt,2021,37789237.809,,,,2022.0,32703210.54
EGY,Egypt,2022,32703210.54,2021.0,37789237.809,-13.458930541829286,2023.0,41950133.622
EGY,Egypt,2023,41950133.622,2022.0,32703210.54,28.275276125229027,2024.0,22158806.678
EGY,Egypt,2024,22158806.678,2023.0,41950133.622,-47.178221462495635,2025.0,24480132.866
EGY,Egypt,2025,24480132.866,2024.0,22158806.678,10.475862810359237,,
ESP,Spain,2021,660364980.597,,,,2022.0,693594080.428
ESP,Spain,2022,693594080.428,2021.0,660364980.597,5.031929434077402,2023.0,636441540.268
ESP,Spain,2023,636441540.268,2022.0,693594080.428,-8.24005593080214,2024.0,675894610.212
ESP,Spain,2024,675894610.212,2023.0,636441540.268,6.199009248734246,2025.0,788217443.6
ESP,Spain,2025,788217443.6,2024.0,675894610.212,16.61839459746084,,
EST,Estonia,2021,38860980.41,,,,2022.0,38897604.28
EST,Estonia,2022,38897604.28,2021.0,38860980.41,0.09424329909746806,2023.0,31923363.48
EST,Estonia,2023,31923363.48,2022.0,38897604.28,-17.929743821230527,2024.0,36567881.31
EST,Estonia,2024,36567881.31,2023.0,31923363.48,14.548961399101302,2025.0,29313231.89
EST,Estonia,2025,29313231.89,2024.0,36567881.31,-19.838856286202493,,
ETH,Ethiopia,2021,22301163.21,,,,2022.0,30358645.956
ETH,Ethiopia,2022,30358645.956,2021.0,22301163.21,36.130324997518365,2023.0,15627362.948
ETH,Ethiopia,2023,15627362.948,2022.0,30358645.956,-48.52417670192089,,
FIN,Finland,2021,120160023.967,,,,2022.0,135063979.374
FIN,Finland,2022,135063979.374,2021.0,120160023.967,12.403422465272769,2023.0,119849364.38
FIN,Finland,2023,119849364.38,2022.0,135063979.374,-11.264746577523727,2024.0,106947705.839
FIN,Finland,2024,106947705.839,2023.0,119849364.38,-10.764895256426552,2025.0,114157945.3
FIN,Finland,2025,114157945.3,2024.0,106947705.839,6.741836493299214,,
FJI,Fiji,2021,2472803.777,,,,2022.0,4464852.727
FJI,Fiji,2022,4464852.727,2021.0,2472803.777,80.55831071306231,2023.0,6947720.168
FJI,Fiji,2023,6947720.168,2022.0,4464852.727,55.60916771085246,2024.0,7916682.485
FJI,Fiji,2024,7916682.485,2023.0,6947720.168,13.946478752308908,2025.0,6279551.402
FJI,Fiji,2025,6279551.402,2024.0,7916682.485,-20.67950920226909,,
FRA,France,2021,1836805396.82,,,,2022.0,1722882882.065
FRA,France,2022,1722882882.065,2021.0,1836805396.82,-6.202209278796226,2023.0,1508762668.848
FRA,France,2023,1508762668.848,2022.0,1722882882.065,-12.428019074654767,2024.0,1488445256.97
FRA,France,2024,1488445256.97,2023.0,1508762668.848,-1.3466274250749568,2025.0,1504455337.143
FRA,France,2025,1504455337.143,2024.0,1488445256.97,1.0756243871266906,,
FRO,Faroe Isds,2025,5398333.167,,,,,
GAB,Gabon,2021,4267353.939,,,,2022.0,4621028.145
GAB,Gabon,2022,4621028.145,2021.0,4267353.939,8.287904192050176,2023.0,4831373.555
GAB,Gabon,2023,4831373.555,2022.0,4621028.145,4.55191795850878,,
GBR,United Kingdom,2021,2164556566.93,,,,2022.0,2086955667.965
GBR,United Kingdom,2022,2086955667.965,2021.0,2164556566.93,-3.585071425278648,2023.0,1633109139.445
GBR,United Kingdom,2023,1633109139.445,2022.0,2086955667.965,-21.7468217215437,2024.0,1713201481.749
GBR,United Kingdom,2024,1713201481.749,2023.0,1633109139.445,4.9042859640855925,2025.0,1825778303.436
GBR,United Kingdom,2025,1825778303.436,2024.0,1713201481.749,6.571137305582461,,
GEO,Georgia,2021,17857168.4,,,,2022.0,23740232.187
GEO,Georgia,2022,23740232.187,2021.0,17857168.4,32.945110082514546,2023.0,28486189.49
GEO,Georgia,2023,28486189.49,2022.0,23740232.187,19.991200025410265,2024.0,32432153.034
GEO,Georgia,2024,32432153.034,2023.0,28486189.49,13.852198607978872,2025.0,33978969.707
GEO,Georgia,2025,33978969.707,2024.0,32432153.034,4.769392495707598,,
GHA,Ghana,2021,21253617.996,,,,2022.0,15362489.047
GHA,Ghana,2022,15362489.047,2021.0,21253617.996,-27.718240490201378,2023.0,11152491.711
GHA,Ghana,2023,11152491.711,2022.0,15362489.047,-27.404396013692413,2024.0,13166815.062
GHA,Ghana,2024,13166815.062,2023.0,11152491.711,18.061644009232673,2025.0,15266497.17
GHA,Ghana,2025,15266497.17,2024.0,13166815.062,15.9467729903777,,
GMB,Gambia,2021,2267512.18,,,,2022.0,3446281.983
GMB,Gambia,2022,3446281.983,2021.0,2267512.18,51.98515859791323,2023.0,4201243.013
GMB,Gambia,2023,4201243.013,2022.0,3446281.983,21.906536775693674,2024.0,5128240.298
GMB,Gambia,2024,5128240.298,2023.0,4201243.013,22.064833720200706,,
GRC,Greece,2021,112787424.072,,,,2022.0,120509982.755
GRC,Greece,2022,120509982.755,2021.0,112787424.072,6.847003330859082,2023.0,131956370.206
GRC,Greece,2023,131956370.206,2022.0,120509982.755,9.498289842320213,2024.0,144004796.335
GRC,Greece,2024,144004796.335,2023.0,131956370.206,9.130613482464653,2025.0,146795229.227
GRC,Greece,2025,146795229.227,2024.0,144004796.335,1.9377360775599266,,
GRD,Grenada,2021,1042874.073,,,,2022.0,996678.888
GRD,Grenada,2022,996678.888,2021.0,1042874.073,-4.429603362092591,2023.0,1551173.087
GRD,Grenada,2023,1551173.087,2022.0,996678.888,55.63418726694249,2024.0,1261882.784
GRD,Grenada,2024,1261882.784,2023.0,1551173.087,-18.649775800294044,,
GTM,Guatemala,2021,17552389.0,,,,2022.0,19422919.0
GTM,Guatemala,2022,19422919.0,2021.0,17552389.0,10.656839932159661,2023.0,20303185.0
GTM,Guatemala,2023,20303185.0,2022.0,19422919.0,4.532099423366797,2024.0,26046926.0
GTM,Guatemala,2024,26046926.0,2023.0,20303185.0,28.28985206015706,2025.0,23611522.0
GTM,Guatemala,2025,23611522.0,2024.0,26046926.0,-9.350063036229304,,
GUY,Guyana,2021,3709485.727,,,,2022.0,4005650.986
GUY,Guyana,2022,4005650.986,2021.0,3709485.727,7.9839978044482205,2023.0,4899494.749
GUY,Guyana,2023,4899494.749,2022.0,4005650.986,22.31456924539955,2024.0,3911712.417
GUY,Guyana,2024,3911712.417,2023.0,4899494.749,-20.160901942013695,2025.0,3716055.296
GUY,Guyana,2025,3716055.296,2024.0,3911712.417,-5.001827847816447,,
HKG,"China, Hong Kong SAR",2021,222059530.158,,,,2022.0,239366372.374
HKG,"China, Hong Kong SAR",2022,239366372.374,2021.0,222059530.158,7.793784938518892,2023.0,226098805.333
HKG,"China, Hong Kong SAR",2023,226098805.333,2022.0,239366372.374,-5.542786528205385,2024.0,248471363.169
HKG,"China, Hong Kong SAR",2024,248471363.169,2023.0,226098805.333,9.895035846407737,2025.0,239070602.048
HKG,"China, Hong Kong SAR",2025,239070602.048,2024.0,248471363.169,-3.783438461922866,,
HND,Honduras,2021,8552010.57,,,,2023.0,
HND,Honduras,2023,10306613.1,2021.0,,,2024.0,9954250.62
HND,Honduras,2024,9954250.62,2023.0,10306613.1,-3.4187999159491147,,
HRV,Croatia,2021,92841070.0,,,,2022.0,93252001.0
HRV,Croatia,2022,93252001.0,2021.0,92841070.0,0.4426176906405754,2023.0,107039697.0
HRV,Croatia,2023,107039697.0,2022.0,93252001.0,14.785415703841037,2024.0,111701239.0
HRV,Croatia,2024,111701239.0,2023.0,107039697.0,4.3549656161676165,2025.0,131843698.0
HRV,Croatia,2025,131843698.0,2024.0,111701239.0,18.032440087795266,,
HUN,Hungary,2021,129163152.0,,,,2022.0,136409232.0
HUN,Hungary,2022,136409232.0,2021.0,129163152.0,5.610021037578891,2023.0,130143110.01
HUN,Hungary,2023,130143110.01,2022.0,136409232.0,-4.593620166412194,2024.0,137629982.633
HUN,Hungary,2024,137629982.633,2023.0,130143110.01,5.752799838904035,2025.0,148739987.981
HUN,Hungary,2025,148739987.981,2024.0,137629982.633,8.072372847438068,,
IDN,Indonesia,2021,48332273.0,,,,2022.0,52807085.0
IDN,Indonesia,2022,52807085.0,2021.0,48332273.0,9.258434835042829,2023.0,56025520.0
IDN,Indonesia,2023,56025520.0,2022.0,52807085.0,6.094703011915921,2024.0,65959882.0
IDN,Indonesia,2024,65959882.0,2023.0,56025520.0,17.731851484823345,2025.0,61344884.587
IDN,Indonesia,2025,61344884.587,2024.0,65959882.0,-6.996673239955163,,
IND,India,2021,66417450.806,,,,2022.0,69967248.18
IND,India,2022,69967248.18,2021.0,66417450.806,5.344675730432166,2023.0,61476656.877
IND,India,2023,61476656.877,2022.0,69967248.18,-12.135093953040487,2024.0,48455243.059
IND,India,2024,48455243.059,2023.0,61476656.877,-21.181070148386098,2025.0,73693910.889
IND,India,2025,73693910.889,2024.0,48455243.059,52.086557071376006,,
IRL,Ireland,2021,153582411.774,,,,2022.0,176905768.357
IRL,Ireland,2022,176905768.357,2021.0,153582411.774,15.186215865213038,2023.0,149713912.838
IRL,Ireland,2023,149713912.838,2022.0,176905768.357,-15.370813383612337,2024.0,163731005.955
IRL,Ireland,2024,163731005.955,2023.0,149713912.838,9.36258551479274,2025.0,167421152.32
IRL,Ireland,2025,167421152.32,2024.0,163731005.955,2.253785923732847,,
IRN,Iran,2021,9339.0,,,,2022.0,18764.0
IRN,Iran,2022,18764.0,2021.0,9339.0,100.9208694721062,,
IRQ,Iraq,2021,29943403.0,,,,2024.0,
IRQ,Iraq,2024,14742236.0,2021.0,,,,
ISL,Iceland,2021,27597788.992,,,,2022.0,26882209.676
ISL,Iceland,2022,26882209.676,2021.0,27597788.992,-2.5928863946580307,2023.0,30422213.489
ISL,Iceland,2023,30422213.489,2022.0,26882209.676,13.168574516999096,2024.0,35234600.617
ISL,Iceland,2024,35234600.617,2023.0,30422213.489,15.818662010704946,2025.0,42744903.901
ISL,Iceland,2025,42744903.901,2024.0,35234600.617,21.315136690882284,,
ISR,Israel,2021,204102000.0,,,,2022.0,192406000.0
ISR,Israel,2022,192406000.0,2021.0,204102000.0,-5.730468099283692,2023.0,172813000.0
ISR,Israel,2023,172813000.0,2022.0,192406000.0,-10.183154371485296,2024.0,176939000.0
ISR,Israel,2024,176939000.0,2023.0,172813000.0,2.387551862417758,2025.0,177279000.0
ISR,Israel,2025,177279000.0,2024.0,176939000.0,0.19215661894777297,,
ITA,Italy,2021,451792598.44,,,,2022.0,482218444.875
ITA,Italy,2022,482218444.875,2021.0,451792598.44,6.734472087426348,2023.0,459897439.695
ITA,Italy,2023,459897439.695,2022.0,482218444.875,-4.628816134518875,2024.0,481309995.631
ITA,Italy,2024,481309995.631,2023.0,459897439.695,4.655941539966087,2025.0,549566613.109
ITA,Italy,2025,549566613.109,2024.0,481309995.631,14.181425297123779,,
JAM,Jamaica,2021,9901086.32,,,,2022.0,9805670.14
JAM,Jamaica,2022,9805670.14,2021.0,9901086.32,-0.9636940525128125,2023.0,13280695.09
JAM,Jamaica,2023,13280695.09,2022.0,9805670.14,35.43893380447732,2024.0,13829906.8
JAM,Jamaica,2024,13829906.8,2023.0,13280695.09,4.135413894213581,2025.0,12372497.954
JAM,Jamaica,2025,12372497.954,2024.0,13829906.8,-10.538095932793999,,
JOR,Jordan,2021,48006076.602,,,,2022.0,42795690.097
JOR,Jordan,2022,42795690.097,2021.0,48006076.602,-10.853597864698077,2023.0,41206043.482
JOR,Jordan,2023,41206043.482,2022.0,42795690.097,-3.714501650509515,2024.0,37840065.886
JOR,Jordan,2024,37840065.886,2023.0,41206043.482,-8.168650303614706,,
JPN,Japan,2021,1195298436.735,,,,2022.0,1157591696.422
JPN,Japan,2022,1157591696.422,2021.0,1195298436.735,-3.1545879383894504,2023.0,933398874.273
JPN,Japan,2023,933398874.273,2022.0,1157591696.422,-19.367176081338307,2024.0,881636585.987
JPN,Japan,2024,881636585.987,2023.0,933398874.273,-5.545570035780931,2025.0,867743868.685
JPN,Japan,2025,867743868.685,2024.0,881636585.987,-1.575787294086375,,
KAZ,Kazakhstan,2021,63514128.993,,,,2022.0,55690602.465
KAZ,Kazakhstan,2022,55690602.465,2021.0,63514128.993,-12.317773465589429,2023.0,71926345.94
KAZ,Kazakhstan,2023,71926345.94,2022.0,55690602.465,29.153470704871093,2024.0,88348075.14
KAZ,Kazakhstan,2024,88348075.14,2023.0,71926345.94,22.83131304028539,2025.0,68475236.62
KAZ,Kazakhstan,2025,68475236.62,2024.0,88348075.14,-22.493799087879022,,
KEN,Kenya,2021,16549825.295,,,,2022.0,17579567.525
KEN,Kenya,2022,17579567.525,2021.0,16549825.295,6.222073113431006,2023.0,18504786.698
KEN,Kenya,2023,18504786.698,2022.0,17579567.525,5.26303716905573,2024.0,17302463.822
KEN,Kenya,2024,17302463.822,2023.0,18504786.698,-6.497361442863568,,
KGZ,Kyrgyzstan,2021,4161702.0,,,,2022.0,4358868.0
KGZ,Kyrgyzstan,2022,4358868.0,2021.0,4161702.0,4.737628979681871,2023.0,4703310.0
KGZ,Kyrgyzstan,2023,4703310.0,2022.0,4358868.0,7.90209751706177,2024.0,7926337.0
KGZ,Kyrgyzstan,2024,7926337.0,2023.0,4703310.0,68.52678220232134,2025.0,6151720.0
KGZ,Kyrgyzstan,2025,6151720.0,2024.0,7926337.0,-22.388866383046796,,
KHM,Cambodia,2021,3454421.36,,,,2022.0,4521662.3
KHM,Cambodia,2022,4521662.3,2021.0,3454421.36,30.894926495012175,2023.0,4851057.06
KHM,Cambodia,2023,4851057.06,2022.0,4521662.3,7.2848155865156,2024.0,5239698.04
KHM,Cambodia,2024,5239698.04,2023.0,4851057.06,8.011469978462808,,
KIR,Kiribati,2021,54223.865,,,,,
KOR,Rep. of Korea,2021,287104360.0,,,,2022.0,235586244.0
KOR,Rep. of Korea,2022,235586244.0,2021.0,287104360.0,-17.944038188761745,2023.0,192230718.0
KOR,Rep. of Korea,2023,192230718.0,2022.0,235586244.0,-18.403250233914335,2024.0,217073667.0
KOR,Rep. of Korea,2024,217073667.0,2023.0,192230718.0,12.923506325352227,2025.0,221678645.0
KOR,Rep. of Korea,2025,221678645.0,2024.0,217073667.0,2.121389509672769,,
KWT,Kuwait,2021,97978424.0,,,,2022.0,85511391.772
KWT,Kuwait,2022,85511391.772,2021.0,97978424.0,-12.72426287240546,2023.0,90050532.42
KWT,Kuwait,2023,90050532.42,2022.0,85511391.772,5.3082291773507375,2024.0,81156993.0
KWT,Kuwait,2024,81156993.0,2023.0,90050532.42,-9.876165282977015,2025.0,71316574.884
KWT,Kuwait,2025,71316574.884,2024.0,81156993.0,-12.125163528422002,,
LAO,Lao People's Dem. Rep.,2021,1567613.26,,,,2022.0,1528704.6
LAO,Lao People's Dem. Rep.,2022,1528704.6,2021.0,1567613.26,-2.4820318246095927,2023.0,1878946.09
LAO,Lao People's Dem. Rep.,2023,1878946.09,2022.0,1528704.6,22.9109986324369,,
LBN,Lebanon,2021,17574829.0,,,,2022.0,21531057.0
LBN,Lebanon,2022,21531057.0,2021.0,17574829.0,22.510762409125004,2023.0,16674977.0
LBN,Lebanon,2023,16674977.0,2022.0,21531057.0,-22.553839321497314,2024.0,12961642.0
LBN,Lebanon,2024,12961642.0,2023.0,16674977.0,-22.26890627795169,,
LBR,Liberia,2021,1372684.89,,,,2022.0,1595395.28
LBR,Liberia,2022,1595395.28,2021.0,1372684.89,16.224436622158795,2023.0,1634858.97
LBR,Liberia,2023,1634858.97,2022.0,1595395.28,2.4735995207407124,,
LKA,Sri Lanka,2021,2129937.024,,,,2022.0,5321072.13
LKA,Sri Lanka,2022,5321072.13,2021.0,2129937.024,149.8229792732125,2023.0,5152405.284
LKA,Sri Lanka,2023,5152405.284,2022.0,5321072.13,-3.1697906339036965,2024.0,4399198.132
LKA,Sri Lanka,2024,4399198.132,2023.0,5152405.284,-14.618554063263781,2025.0,2778609.789
LKA,Sri Lanka,2025,2778609.789,2024.0,4399198.132,-36.838266756201655,,
LSO,Lesotho,2021,2771850.067,,,,2022.0,2520652.764
LSO,Lesotho,2022,2520652.764,2021.0,2771850.067,-9.062441940514955,2023.0,2438224.801
LSO,Lesotho,2023,2438224.801,2022.0,2520652.764,-3.2701038467986296,2024.0,2584755.392
LSO,Lesotho,2024,2584755.392,2023.0,2438224.801,6.009724408508304,,
LTU,Lithuania,2021,66762253.0,,,,2022.0,71433866.0
LTU,Lithuania,2022,71433866.0,2021.0,66762253.0,6.997386681962336,2023.0,63956351.0
LTU,Lithuania,2023,63956351.0,2022.0,71433866.0,-10.467745088863033,2024.0,57191558.0
LTU,Lithuania,2024,57191558.0,2023.0,63956351.0,-10.577202880133045,2025.0,58843710.0
LTU,Lithuania,2025,58843710.0,2024.0,57191558.0,2.888803973481541,,
LUX,Luxembourg,2021,61575397.595,,,,2022.0,55359831.406
LUX,Luxembourg,2022,55359831.406,2021.0,61575397.595,-10.094236386229534,2023.0,51712488.261
LUX,Luxembourg,2023,51712488.261,2022.0,55359831.406,-6.588428924667385,2024.0,44867118.834
LUX,Luxembourg,2024,44867118.834,2023.0,51712488.261,-13.2373623029905,2025.0,48382652.428
LUX,Luxembourg,2025,48382652.428,2024.0,44867118.834,7.835434245302947,,
LVA,Latvia,2021,46582157.328,,,,2022.0,42084853.668
LVA,Latvia,2022,42084853.668,2021.0,46582157.328,-9.654562858334442,2023.0,37734699.43
LVA,Latvia,2023,37734699.43,2022.0,42084853.668,-10.336626740626448,2024.0,31346695.459
LVA,Latvia,2024,31346695.459,2023.0,37734699.43,-16.928726258572986,2025.0,35578111.926
LVA,Latvia,2025,35578111.926,2024.0,31346695.459,13.498764080362136,,
MAC,"China, Macao SAR",2021,19477658.101,,,,2022.0,15353515.279
MAC,"China, Macao SAR",2022,15353515.279,2021.0,19477658.101,-21.173709901953067,2023.0,15706317.449
MAC,"China, Macao SAR",2023,15706317.449,2022.0,15353515.279,2.297859243235003,2024.0,10503762.355
MAC,"China, Macao SAR",2024,10503762.355,2023.0,15706317.449,-33.12396499620755,2025.0,7825466.045
MAC,"China, Macao SAR",2025,7825466.045,2024.0,10503762.355,-25.49844731326274,,
MAR,Morocco,2021,61719166.087,,,,2022.0,58010688.174
MAR,Morocco,2022,58010688.174,2021.0,61719166.087,-6.008632566053282,2023.0,61204877.537
MAR,Morocco,2023,61204877.537,2022.0,58010688.174,5.5062083618439335,2024.0,56343520.754
MAR,Morocco,2024,56343520.754,2023.0,61204877.537,-7.94276041163742,2025.0,64685976.347
MAR,Morocco,2025,64685976.347,2024.0,56343520.754,14.806415150064517,,
MDA,Rep. of Moldova,2021,13714367.0,,,,2022.0,11469571.0
MDA,Rep. of Moldova,2022,11469571.0,2021.0,13714367.0,-16.368207150938865,2023.0,11471635.0
MDA,Rep. of Moldova,2023,11471635.0,2022.0,11469571.0,0.017995442026558797,2024.0,12383578.0
MDA,Rep. of Moldova,2024,12383578.0,2023.0,11471635.0,7.949546860582646,2025.0,13441852.0
MDA,Rep. of Moldova,2025,13441852.0,2024.0,12383578.0,8.54578539417283,,
MDG,Madagascar,2021,2868309.191,,,,2022.0,2438652.503
MDG,Madagascar,2022,2438652.503,2021.0,2868309.191,-14.979441175593964,2023.0,2089624.198
MDG,Madagascar,2023,2089624.198,2022.0,2438652.503,-14.31234276185843,2024.0,2338284.749
MDG,Madagascar,2024,2338284.749,2023.0,2089624.198,11.899773712325652,,
MDV,Maldives,2021,9116662.466,,,,2022.0,9692567.941
MDV,Maldives,2022,9692567.941,2021.0,9116662.466,6.3170647936983695,2023.0,9933215.969
MDV,Maldives,2023,9933215.969,2022.0,9692567.941,2.482809813300858,2024.0,10713616.805
MDV,Maldives,2024,10713616.805,2023.0,9933215.969,7.856477080892101,2025.0,12019052.331
MDV,Maldives,2025,12019052.331,2024.0,10713616.805,12.184825626680611,,
MEX,Mexico,2021,114693207.0,,,,2022.0,149200744.0
MEX,Mexico,2022,149200744.0,2021.0,114693207.0,30.08681848088876,2023.0,123124112.0
MEX,Mexico,2023,123124112.0,2022.0,149200744.0,-17.47754823528226,2024.0,175117187.0
MEX,Mexico,2024,175117187.0,2023.0,123124112.0,42.22818272995951,2025.0,174745291.0
MEX,Mexico,2025,174745291.0,2024.0,175117187.0,-0.2123697886946985,,
MKD,North Macedonia,2021,16261137.25,,,,2022.0,12751202.16
MKD,North Macedonia,2022,12751202.16,2021.0,16261137.25,-21.584806991282235,2023.0,14559490.512
MKD,North Macedonia,2023,14559490.512,2022.0,12751202.16,14.181316626541507,2024.0,15349718.65
MKD,North Macedonia,2024,15349718.65,2023.0,14559490.512,5.427580981276031,2025.0,16875617.088
MKD,North Macedonia,2025,16875617.088,2024.0,15349718.65,9.940888642932872,,
MLI,Mali,2021,11135937.521,,,,2022.0,10906363.377
MLI,Mali,2022,10906363.377,2021.0,11135937.521,-2.0615609917626747,2023.0,8138463.843
MLI,Mali,2023,8138463.843,2022.0,10906363.377,-25.37875768780191,,
MLT,Malta,2021,14043934.136,,,,2022.0,16983289.247
MLT,Malta,2022,16983289.247,2021.0,14043934.136,20.929713017275585,2023.0,28076564.83
MLT,Malta,2023,28076564.83,2022.0,16983289.247,65.31876965446818,2024.0,19825395.718
MLT,Malta,2024,19825395.718,2023.0,28076564.83,-29.388100581249066,2025.0,22387698.204
MLT,Malta,2025,22387698.204,2024.0,19825395.718,12.92434472656513,,
MMR,Myanmar,2021,1124668.88,,,,2022.0,2617684.154
MMR,Myanmar,2022,2617684.154,2021.0,1124668.88,132.75154141368262,2023.0,1556890.885
MMR,Myanmar,2023,1556890.885,2022.0,2617684.154,-40.52411240596141,2024.0,1884126.365
MMR,Myanmar,2024,1884126.365,2023.0,1556890.885,21.01852372268208,2025.0,445914.23
MMR,Myanmar,2025,445914.23,2024.0,1884126.365,-76.3331038573944,,
MNE,Montenegro,2021,15297130.014,,,,2022.0,20090377.549
MNE,Montenegro,2022,20090377.549,2021.0,15297130.014,31.33429297268963,2023.0,26295525.703
MNE,Montenegro,2023,26295525.703,2022.0,20090377.549,30.886169953082167,2024.0,25796617.141
MNE,Montenegro,2024,25796617.141,2023.0,26295525.703,-1.8973135111844646,2025.0,41015674.156
MNE,Montenegro,2025,41015674.156,2024.0,25796617.141,58.996328595393656,,
MNG,Mongolia,2021,6519382.5,,,,2022.0,10620033.493
MNG,Mongolia,2022,10620033.493,2021.0,6519382.5,62.89937724930238,2023.0,7830513.328
MNG,Mongolia,2023,7830513.328,2022.0,10620033.493,-26.26658538166251,,
MOZ,Mozambique,2021,7036622.701,,,,2022.0,5461295.03
MOZ,Mozambique,2022,5461295.03,2021.0,7036622.701,-22.387553488921956,2023.0,5783000.0
MOZ,Mozambique,2023,5783000.0,2022.0,5461295.03,5.890635247369152,2024.0,5034047.2
MOZ,Mozambique,2024,5034047.2,2023.0,5783000.0,-12.950938959017808,,
MRT,Mauritania,2021,1634594.51,,,,2022.0,1705161.912
MRT,Mauritania,2022,1705161.912,2021.0,1634594.51,4.317119724083742,2023.0,2125991.097
MRT,Mauritania,2023,2125991.097,2022.0,1705161.912,24.6797199748853,2024.0,5360973.734
MRT,Mauritania,2024,5360973.734,2023.0,2125991.097,152.1635081898934,,
MSR,Montserrat,2021,47232.478,,,,2022.0,71747.548
MSR,Montserrat,2022,71747.548,2021.0,47232.478,51.902993529155914,2023.0,89107.596
MSR,Montserrat,2023,89107.596,2022.0,71747.548,24.196015730042802,2024.0,53289.1
MSR,Montserrat,2024,53289.1,2023.0,89107.596,-40.196905323312734,,
MUS,Mauritius,2021,6414811.472,,,,2022.0,7899782.924
MUS,Mauritius,2022,7899782.924,2021.0,6414811.472,23.149105137099493,2023.0,8766962.507
MUS,Mauritius,2023,8766962.507,2022.0,7899782.924,10.97725837966329,2024.0,12123173.993
MUS,Mauritius,2024,12123173.993,2023.0,8766962.507,38.28248932649395,2025.0,11861652.405
MUS,Mauritius,2025,11861652.405,2024.0,12123173.993,-2.157203948000793,,
MWI,Malawi,2021,2734898.098,,,,2022.0,1519958.336
MWI,Malawi,2022,1519958.336,2021.0,2734898.098,-44.42358429692397,2023.0,2953369.24
MWI,Malawi,2023,2953369.24,2022.0,1519958.336,94.30593392265197,2024.0,3453210.661
MWI,Malawi,2024,3453210.661,2023.0,2953369.24,16.92444731360443,,
MYS,Malaysia,2021,192435344.746,,,,2022.0,203137519.794
MYS,Malaysia,2022,203137519.794,2021.0,192435344.746,5.561439382212277,2023.0,178265286.582
MYS,Malaysia,2023,178265286.582,2022.0,203137519.794,-12.244037062785216,2024.0,233158802.833
MYS,Malaysia,2024,233158802.833,2023.0,178265286.582,30.793160745712335,2025.0,316400977.891
MYS,Malaysia,2025,316400977.891,2024.0,233158802.833,35.70192248654758,,
NAM,Namibia,2021,6079441.134,,,,2022.0,10850080.977
NAM,Namibia,2022,10850080.977,2021.0,6079441.134,78.4716841210885,2023.0,4566990.707
NAM,Namibia,2023,4566990.707,2022.0,10850080.977,-57.90823389538653,2024.0,5243011.301
NAM,Namibia,2024,5243011.301,2023.0,4566990.707,14.80232033237635,,
NER,Niger,2021,1270002.607,,,,2022.0,3411826.457
NER,Niger,2022,3411826.457,2021.0,1270002.607,168.64720105255654,2023.0,1515124.02
NER,Niger,2023,1515124.02,2022.0,3411826.457,-55.59199627837342,2024.0,1598430.035
NER,Niger,2024,1598430.035,2023.0,1515124.02,5.498296766491755,,
NGA,Nigeria,2021,3978428.503,,,,2022.0,5188515.461
NGA,Nigeria,2022,5188515.461,2021.0,3978428.503,30.416204717202127,2023.0,4024633.098
NGA,Nigeria,2023,4024633.098,2022.0,5188515.461,-22.431895438077408,2024.0,9249846.286
NGA,Nigeria,2024,9249846.286,2023.0,4024633.098,129.83079601955805,2025.0,9156233.669
NGA,Nigeria,2025,9156233.669,2024.0,9249846.286,-1.0120451097840064,,
NIC,Nicaragua,2021,2146072.23,,,,2022.0,2525363.96
NIC,Nicaragua,2022,2525363.96,2021.0,2146072.23,17.6737634781286,2023.0,2399163.88
NIC,Nicaragua,2023,2399163.88,2022.0,2525363.96,-4.997302646229262,2024.0,3574723.7
NIC,Nicaragua,2024,3574723.7,2023.0,2399163.88,48.99872950738156,,
NLD,Netherlands,2021,1117182422.078,,,,2022.0,1032854564.942
NLD,Netherlands,2022,1032854564.942,2021.0,1117182422.078,-7.548262080524607,2023.0,896581009.853
NLD,Netherlands,2023,896581009.853,2022.0,1032854564.942,-13.193876438610932,2024.0,843992979.435
NLD,Netherlands,2024,843992979.435,2023.0,896581009.853,-5.865396415949322,2025.0,918399424.133
NLD,Netherlands,2025,918399424.133,2024.0,843992979.435,8.816002799906048,,
NOR,Norway,2021,316466994.079,,,,2022.0,308947706.073
NOR,Norway,2022,308947706.073,2021.0,316466994.079,-2.376010183268254,2023.0,276357829.09
NOR,Norway,2023,276357829.09,2022.0,308947706.073,-10.548670969998888,2024.0,281098415.76
NOR,Norway,2024,281098415.76,2023.0,276357829.09,1.715379906409735,2025.0,328249168.006
NOR,Norway,2025,328249168.006,2024.0,281098415.76,16.77375239505334,,
NPL,Nepal,2021,3423161.33,,,,2022.0,2728748.415
NPL,Nepal,2022,2728748.415,2021.0,3423161.33,-20.285719779382998,,
NZL,New Zealand,2021,107433497.939,,,,2022.0,102286060.44
NZL,New Zealand,2022,102286060.44,2021.0,107433497.939,-4.791277951242616,2023.0,71409718.674
NZL,New Zealand,2023,71409718.674,2022.0,102286060.44,-30.186265492267893,2024.0,80589856.369
NZL,New Zealand,2024,80589856.369,2023.0,71409718.674,12.855585857870716,2025.0,78129040.989
NZL,New Zealand,2025,78129040.989,2024.0,80589856.369,-3.053505107060343,,
OMN,Oman,2021,32007799.69,,,,2022.0,33926800.987
OMN,Oman,2022,33926800.987,2021.0,32007799.69,5.995417728134383,2023.0,25366946.644
OMN,Oman,2023,25366946.644,2022.0,33926800.987,-25.230360935827544,2024.0,27387178.111
OMN,Oman,2024,27387178.111,2023.0,25366946.644,7.9640308916636675,,
PAK,Pakistan,2021,1228248.751,,,,2022.0,926544.571
PAK,Pakistan,2022,926544.571,2021.0,1228248.751,-24.56376851630114,2023.0,634850.748
PAK,Pakistan,2023,634850.748,2022.0,926544.571,-31.481898672740694,2024.0,720951.536
PAK,Pakistan,2024,720951.536,2023.0,634850.748,13.562366945498178,2025.0,976787.612
PAK,Pakistan,2025,976787.612,2024.0,720951.536,35.485890968404846,,
PAN,Panama,2021,38074114.0,,,,2022.0,38222817.0
PAN,Panama,2022,38222817.0,2021.0,38074114.0,0.3905619445274551,2023.0,36291214.0
PAN,Panama,2023,36291214.0,2022.0,38222817.0,-5.05353386172453,2024.0,39253600.0
PAN,Panama,2024,39253600.0,2023.0,36291214.0,8.162818692149564,2025.0,32266060.0
PAN,Panama,2025,32266060.0,2024.0,39253600.0,-17.801016976786844,,
PER,Peru,2021,28291609.76,,,,2022.0,21985804.094
PER,Peru,2022,21985804.094,2021.0,28291609.76,-22.288606832529705,2023.0,18948745.05
PER,Peru,2023,18948745.05,2022.0,21985804.094,-13.813727398893832,2024.0,24904148.705
PER,Peru,2024,24904148.705,2023.0,18948745.05,31.429013579978466,,
PHL,Philippines,2021,97371475.0,,,,2022.0,86243741.0
PHL,Philippines,2022,86243741.0,2021.0,97371475.0,-11.428125125967332,2023.0,112755940.0
PHL,Philippines,2023,112755940.0,2022.0,86243741.0,30.7410122666177,2024.0,100543050.0
PHL,Philippines,2024,100543050.0,2023.0,112755940.0,-10.831260863064065,2025.0,100646084.0
PHL,Philippines,2025,100646084.0,2024.0,100543050.0,0.10247749595819901,,
PNG,Papua New Guinea,2021,2469102.629,,,,2022.0,3096414.455
PNG,Papua New Guinea,2022,3096414.455,2021.0,2469102.629,25.406470295407065,2023.0,3322369.498
PNG,Papua New Guinea,2023,3322369.498,2022.0,3096414.455,7.297312626710369,,
POL,Poland,2021,443807607.0,,,,2022.0,415350751.0
POL,Poland,2022,415350751.0,2021.0,443807607.0,-6.4119802254763965,2023.0,352585558.0
POL,Poland,2023,352585558.0,2022.0,415350751.0,-15.111371015674413,2024.0,363738958.0
POL,Poland,2024,363738958.0,2023.0,352585558.0,3.1633173131838825,2025.0,432592351.0
POL,Poland,2025,432592351.0,2024.0,363738958.0,18.929342454431293,,
PRT,Portugal,2021,144530351.39,,,,2022.0,169774010.44
PRT,Portugal,2022,169774010.44,2021.0,144530351.39,17.465991611604572,2023.0,172624759.006
PRT,Portugal,2023,172624759.006,2022.0,169774010.44,1.6791430906366558,2024.0,192764125.801
PRT,Portugal,2024,192764125.801,2023.0,172624759.006,11.666557515251906,2025.0,204341337.695
PRT,Portugal,2025,204341337.695,2024.0,192764125.801,6.005895467267456,,
PRY,Paraguay,2021,7354976.0,,,,2022.0,5841311.06
PRY,Paraguay,2022,5841311.06,2021.0,7354976.0,-20.580147916186274,2023.0,6550951.07
PRY,Paraguay,2023,6550951.07,2022.0,5841311.06,12.14864270556413,2024.0,8204169.272
PRY,Paraguay,2024,8204169.272,2023.0,6550951.07,25.236308199139085,2025.0,19059078.849
PRY,Paraguay,2025,19059078.849,2024.0,8204169.272,132.30967349792147,,
PSE,State of Palestine,2021,18507676.9,,,,2022.0,17446715.863
PSE,State of Palestine,2022,17446715.863,2021.0,18507676.9,-5.732545703777641,2023.0,15069990.654
PSE,State of Palestine,2023,15069990.654,2022.0,17446715.863,-13.622765611953511,,
PYF,French Polynesia,2021,5181700.19,,,,2022.0,4756810.475
PYF,French Polynesia,2022,4756810.475,2021.0,5181700.19,-8.199812791561774,2023.0,4366783.367
PYF,French Polynesia,2023,4366783.367,2022.0,4756810.475,-8.19934092497137,2024.0,4400859.637
PYF,French Polynesia,2024,4400859.637,2023.0,4366783.367,0.7803517403111078,2025.0,4845893.748
PYF,French Polynesia,2025,4845893.748,2024.0,4400859.637,10.112435926344896,,
QAT,Qatar,2021,81467484.764,,,,2022.0,137341001.138
QAT,Qatar,2022,137341001.138,2021.0,81467484.764,68.58382400764899,2023.0,59075944.462
QAT,Qatar,2023,59075944.462,2022.0,137341001.138,-56.985937212849805,2024.0,63943256.991
QAT,Qatar,2024,63943256.991,2023.0,59075944.462,8.23907695987975,,
ROU,Romania,2021,243316267.98,,,,2022.0,245307956.81
ROU,Romania,2022,245307956.81,2021.0,243316267.98,0.8185596657942021,2023.0,248721722.87
ROU,Romania,2023,248721722.87,2022.0,245307956.81,1.3916246763426794,2024.0,247755022.67
ROU,Romania,2024,247755022.67,2023.0,248721722.87,-0.3886673784843817,2025.0,256799987.72
ROU,Romania,2025,256799987.72,2024.0,247755022.67,3.6507695999558205,,
RUS,Russian Federation,2021,314767110.654,,,,,
RWA,Rwanda,2021,5617527.01,,,,2022.0,9545849.25
RWA,Rwanda,2022,9545849.25,2021.0,5617527.01,69.9297436933908,,
S19,"Other Asia, nes",2021,118538560.46,,,,2022.0,131265725.37
S19,"Other Asia, nes",2022,131265725.37,2021.0,118538560.46,10.736729770136447,2023.0,108479260.715
S19,"Other Asia, nes",2023,108479260.715,2022.0,131265725.37,-17.359036100834064,2024.0,118620560.243
S19,"Other Asia, nes",2024,118620560.243,2023.0,108479260.715,9.348606785442175,,
SAU,Saudi Arabia,2021,174623333.501,,,,2022.0,186419089.74
SAU,Saudi Arabia,2022,186419089.74,2021.0,174623333.501,6.754971401878818,2023.0,196446003.356
SAU,Saudi Arabia,2023,196446003.356,2022.0,186419089.74,5.378694655136768,2024.0,257778423.689
SAU,Saudi Arabia,2024,257778423.689,2023.0,196446003.356,31.221006935861766,2025.0,244888936.661
SAU,Saudi Arabia,2025,244888936.661,2024.0,257778423.689,-5.0002195077236875,,
SEN,Senegal,2021,12725718.562,,,,2022.0,15086254.594
SEN,Senegal,2022,15086254.594,2021.0,12725718.562,18.549333937407248,2023.0,13043529.926
SEN,Senegal,2023,13043529.926,2022.0,15086254.594,-13.540303560914435,2024.0,17182147.811
SEN,Senegal,2024,17182147.811,2023.0,13043529.926,31.72927810554095,,
SGP,Singapore,2021,159517006.291,,,,2022.0,190508001.594
SGP,Singapore,2022,190508001.594,2021.0,159517006.291,19.42801963476199,2023.0,212135269.912
SGP,Singapore,2023,212135269.912,2022.0,190508001.594,11.352419917820992,2024.0,219073549.95
SGP,Singapore,2024,219073549.95,2023.0,212135269.912,3.270686690090805,2025.0,222004815.332
SGP,Singapore,2025,222004815.332,2024.0,219073549.95,1.3380279740155823,,
SLV,El Salvador,2021,9790811.9,,,,2022.0,10298516.82
SLV,El Salvador,2022,10298516.82,2021.0,9790811.9,5.185524195393846,2023.0,10562589.13
SLV,El Salvador,2023,10562589.13,2022.0,10298516.82,2.5641780716147875,2024.0,13494092.67
SLV,El Salvador,2024,13494092.67,2023.0,10562589.13,27.753645473853616,2025.0,14870014.32
SLV,El Salvador,2025,14870014.32,2024.0,13494092.67,10.196473995313095,,
SRB,Serbia,2021,32322004.0,,,,2022.0,35558701.0
SRB,Serbia,2022,35558701.0,2021.0,32322004.0,10.013911884919017,2023.0,29482240.0
SRB,Serbia,2023,29482240.0,2022.0,35558701.0,-17.088534814587295,2024.0,41155648.0
SRB,Serbia,2024,41155648.0,2023.0,29482240.0,39.59471193504971,2025.0,49384713.0
SRB,Serbia,2025,49384713.0,2024.0,41155648.0,19.994983434594445,,
SSD,South Sudan,2025,506025.112,,,,,
STP,Sao Tome and Principe,2021,247914.64,,,,2022.0,342784.889
STP,Sao Tome and Principe,2022,342784.889,2021.0,247914.64,38.26730402044833,2023.0,167539.968
STP,Sao Tome and Principe,2023,167539.968,2022.0,342784.889,-51.123875825226364,,
SUR,Suriname,2021,1052962.26,,,,2022.0,2560701.06
SUR,Suriname,2022,2560701.06,2021.0,1052962.26,143.1902032272268,2023.0,1527509.265
SUR,Suriname,2023,1527509.265,2022.0,2560701.06,-40.348005127939466,2024.0,2136271.693
SUR,Suriname,2024,2136271.693,2023.0,1527509.265,39.85327237933317,2025.0,2860415.85
SUR,Suriname,2025,2860415.85,2024.0,2136271.693,33.897568337062644,,
SVK,Slovakia,2021,132648889.961,,,,2022.0,141512283.697
SVK,Slovakia,2022,141512283.697,2021.0,132648889.961,6.681845387930439,2023.0,126485759.743
SVK,Slovakia,2023,126485759.743,2022.0,141512283.697,-10.618529756875482,2024.0,134230276.247
SVK,Slovakia,2024,134230276.247,2023.0,126485759.743,6.122836689075275,2025.0,162498940.4
SVK,Slovakia,2025,162498940.4,2024.0,134230276.247,21.059827144348734,,
SVN,Slovenia,2021,53272287.977,,,,2022.0,55157010.122
SVN,Slovenia,2022,55157010.122,2021.0,53272287.977,3.537903507755704,2023.0,49004218.731
SVN,Slovenia,2023,49004218.731,2022.0,55157010.122,-11.155048791424415,2024.0,57234079.971
SVN,Slovenia,2024,57234079.971,2023.0,49004218.731,16.79418926190084,2025.0,55546685.816
SVN,Slovenia,2025,55546685.816,2024.0,57234079.971,-2.948233213244607,,
SWE,Sweden,2021,377066491.987,,,,2022.0,389379576.14
SWE,Sweden,2022,389379576.14,2021.0,377066491.987,3.2654941276045584,2023.0,309974067.871
SWE,Sweden,2023,309974067.871,2022.0,389379576.14,-20.392828266999306,2024.0,311720193.585
SWE,Sweden,2024,311720193.585,2023.0,309974067.871,0.5633134816705574,2025.0,362324625.402
SWE,Sweden,2025,362324625.402,2024.0,311720193.585,16.23392800928734,,
SWZ,Eswatini,2021,2016281.85,,,,2022.0,2831069.61
SWZ,Eswatini,2022,2831069.61,2021.0,2016281.85,40.41040988391577,2023.0,4324463.48
SWZ,Eswatini,2023,4324463.48,2022.0,2831069.61,52.750164274484256,,
SYC,Seychelles,2021,2953628.898,,,,2022.0,3671298.74
SYC,Seychelles,2022,3671298.74,2021.0,2953628.898,24.297901557164415,2023.0,13520468.924
SYC,Seychelles,2023,13520468.924,2022.0,3671298.74,268.27482265853416,2024.0,8162208.836
SYC,Seychelles,2024,8162208.836,2023.0,13520468.924,-39.63072670126571,,
TGO,Togo,2021,4414817.128,,,,2022.0,5127815.193
TGO,Togo,2022,5127815.193,2021.0,4414817.128,16.150115493526744,2023.0,5540348.345
TGO,Togo,2023,5540348.345,2022.0,5127815.193,8.045008185223804,2024.0,8121588.878
TGO,Togo,2024,8121588.878,2023.0,5540348.345,46.58985991971954,2025.0,6862656.336
TGO,Togo,2025,6862656.336,2024.0,8121588.878,-15.501062180212461,,
THA,Thailand,2021,101539122.442,,,,2022.0,83017515.64
THA,Thailand,2022,83017515.64,2021.0,101539122.442,-18.240857668018254,2023.0,82466162.506
THA,Thailand,2023,82466162.506,2022.0,83017515.64,-0.6641407295189486,2024.0,88890202.635
THA,Thailand,2024,88890202.635,2023.0,82466162.506,7.7899103508455525,2025.0,105366117.047
THA,Thailand,2025,105366117.047,2024.0,88890202.635,18.535129770885124,,
TJK,Tajikistan,2021,2544741.0,,,,2022.0,3108122.0
TJK,Tajikistan,2022,3108122.0,2021.0,2544741.0,22.139031044809666,2023.0,5163239.0
TJK,Tajikistan,2023,5163239.0,2022.0,3108122.0,66.12086012067738,,
TLS,Timor-Leste,2021,1149499.24,,,,2022.0,2855087.62
TLS,Timor-Leste,2022,2855087.62,2021.0,1149499.24,148.37664268486165,2023.0,2739567.11
TLS,Timor-Leste,2023,2739567.11,2022.0,2855087.62,-4.046128363654221,,
TON,Tonga,2021,188918.208,,,,2022.0,185846.959
TON,Tonga,2022,185846.959,2021.0,188918.208,-1.6257030132320598,2023.0,333722.733
TON,Tonga,2023,333722.733,2022.0,185846.959,79.56857340883367,2025.0,
TON,Tonga,2025,399198.709,2023.0,,,,
TTO,Trinidad and Tobago,2021,8151827.339,,,,2022.0,7649461.702
TTO,Trinidad and Tobago,2022,7649461.702,2021.0,8151827.339,-6.162613805576828,2023.0,7164224.349
TTO,Trinidad and Tobago,2023,7164224.349,2022.0,7649461.702,-6.343418294036701,2024.0,6605983.085
TTO,Trinidad and Tobago,2024,6605983.085,2023.0,7164224.349,-7.7920684334504555,2025.0,9624694.749
TTO,Trinidad and Tobago,2025,9624694.749,2024.0,6605983.085,45.69663023894952,,
TUN,Tunisia,2021,6637076.72,,,,2022.0,8111474.65
TUN,Tunisia,2022,8111474.65,2021.0,6637076.72,22.214568132941526,2023.0,8348902.436
TUN,Tunisia,2023,8348902.436,2022.0,8111474.65,2.927060691732537,2024.0,3527409.829
TUN,Tunisia,2024,3527409.829,2023.0,8348902.436,-57.75001737006764,,
TUR,Türkiye,2021,44419964.0,,,,2022.0,62988820.0
TUR,Türkiye,2022,62988820.0,2021.0,44419964.0,41.80295148370674,2023.0,79778582.0
TUR,Türkiye,2023,79778582.0,2022.0,62988820.0,26.655146103705384,2024.0,78353399.0
TUR,Türkiye,2024,78353399.0,2023.0,79778582.0,-1.78642307781304,2025.0,104528702.0
TUR,Türkiye,2025,104528702.0,2024.0,78353399.0,33.40672304465056,,
TZA,United Rep. of Tanzania,2021,4628780.14,,,,2022.0,6975174.75
TZA,United Rep. of Tanzania,2022,6975174.75,2021.0,4628780.14,50.691424933395105,2023.0,6122875.72
TZA,United Rep. of Tanzania,2023,6122875.72,2022.0,6975174.75,-12.219034799092313,2024.0,10240710.036
TZA,United Rep. of Tanzania,2024,10240710.036,2023.0,6122875.72,67.25327287877731,,
UGA,Uganda,2021,2638588.35,,,,2022.0,3763538.18
UGA,Uganda,2022,3763538.18,2021.0,2638588.35,42.63453334810639,2023.0,3762457.11
UGA,Uganda,2023,3762457.11,2022.0,3763538.18,-0.0287248314829185,2024.0,4689613.28
UGA,Uganda,2024,4689613.28,2023.0,3762457.11,24.642305357734706,,
UKR,Ukraine,2021,45377095.48,,,,2022.0,23458756.58
UKR,Ukraine,2022,23458756.58,2021.0,45377095.48,-48.30264843561997,2023.0,24883184.17
UKR,Ukraine,2023,24883184.17,2022.0,23458756.58,6.072050686669446,2024.0,28882584.84
UKR,Ukraine,2024,28882584.84,2023.0,24883184.17,16.07270453281381,,
URY,Uruguay,2021,17114813.47,,,,2022.0,16685506.38
URY,Uruguay,2022,16685506.38,2021.0,17114813.47,-2.508394793507487,2023.0,18613105.51
URY,Uruguay,2023,18613105.51,2022.0,16685506.38,11.552535992018246,2024.0,24339564.0
URY,Uruguay,2024,24339564.0,2023.0,18613105.51,30.765733783239043,,
USA,USA,2021,8589938697.0,,,,2022.0,9178769246.0
USA,USA,2022,9178769246.0,2021.0,8589938697.0,6.854886510489844,2023.0,6684469437.0
USA,USA,2023,6684469437.0,2022.0,9178769246.0,-27.174665166432703,2024.0,7199691221.0
USA,USA,2024,7199691221.0,2023.0,6684469437.0,7.707743880885067,2025.0,6433593498.0
USA,USA,2025,6433593498.0,2024.0,7199691221.0,-10.640702489649174,,
UZB,Uzbekistan,2021,6986334.8,,,,2022.0,23155090.86
UZB,Uzbekistan,2022,23155090.86,2021.0,6986334.8,231.43402832626916,2023.0,15150881.74
UZB,Uzbekistan,2023,15150881.74,2022.0,23155090.86,-34.56781564103955,2024.0,14461771.89
UZB,Uzbekistan,2024,14461771.89,2023.0,15150881.74,-4.548315153042701,,
VCT,Saint Vincent and the Grenadines,2021,1037488.621,,,,2022.0,1309333.324
VCT,Saint Vincent and the Grenadines,2022,1309333.324,2021.0,1037488.621,26.20218646234193,2023.0,3561224.572
VCT,Saint Vincent and the Grenadines,2023,3561224.572,2022.0,1309333.324,171.98762199991177,,
VNM,Viet Nam,2021,16480319.009,,,,2022.0,17312413.443
VNM,Viet Nam,2022,17312413.443,2021.0,16480319.009,5.049018975576799,2023.0,22468214.935
VNM,Viet Nam,2023,22468214.935,2022.0,17312413.443,29.78095173717484,,
WSM,Samoa,2021,631487.745,,,,2022.0,665394.467
WSM,Samoa,2022,665394.467,2021.0,631487.745,5.369339669449951,2023.0,982048.306
WSM,Samoa,2023,982048.306,2022.0,665394.467,47.588889704428524,2024.0,866978.676
WSM,Samoa,2024,866978.676,2023.0,982048.306,-11.71730853736639,,
YEM,Yemen,2023,1399585.225,,,,2024.0,1523972.653
YEM,Yemen,2024,1523972.653,2023.0,1399585.225,8.887449351289046,,
ZAF,South Africa,2021,50457731.904,,,,2022.0,45588888.956
ZAF,South Africa,2022,45588888.956,2021.0,50457731.904,-9.649349592770786,2023.0,38922191.173
ZAF,South Africa,2023,38922191.173,2022.0,45588888.956,-14.623514491512058,2024.0,41127604.225
ZAF,South Africa,2024,41127604.225,2023.0,38922191.173,5.666209906316574,2025.0,52449212.704
ZAF,South Africa,2025,52449212.704,2024.0,41127604.225,27.52800386101265,,
ZMB,Zambia,2021,5450992.936,,,,2022.0,6330647.175
ZMB,Zambia,2022,6330647.175,2021.0,5450992.936,16.13750465883928,2023.0,5163896.559
ZMB,Zambia,2023,5163896.559,2022.0,6330647.175,-18.430194950802946,2024.0,4750720.195
ZMB,Zambia,2024,4750720.195,2023.0,5163896.559,-8.001251753966438,,
ZWE,Zimbabwe,2021,1796052.48,,,,2022.0,2959953.62
ZWE,Zimbabwe,2022,2959953.62,2021.0,1796052.48,64.80329238486395,2023.0,2537266.86
ZWE,Zimbabwe,2023,2537266.86,2022.0,2959953.62,-14.280181863119875,2024.0,9616606.845
ZWE,Zimbabwe,2024,9616606.845,2023.0,2537266.86,279.01440312037187,,
