country_code,country,import_value,growth_percent,predicted_demand_2026,predicted_growth_2026,gdp_per_capita,logistics_lpi,political_stability,available_indicators,data_coverage_percent
USA,USA,6433593498.0,-10.640702489649174,6041101666.857931,-6.100662580936798,90026.5163005744,3.8,64.2697196,5,100.0
DEU,Germany,2764834109.814,22.44109816070719,2324627896.1181674,-15.921613963502748,60496.4350820414,4.1,68.0170742,5,100.0
GBR,United Kingdom,1825778303.436,6.571137305582461,1647478107.1887133,-9.76570900813845,57601.9621201954,3.7,70.2964669,5,100.0
FRA,France,1504455337.143,1.0756243871266906,1396473526.5063002,-7.177468680576451,48985.7307807924,3.9,61.771486,5,100.0
NLD,Netherlands,918399424.133,8.816002799906048,837807933.3049706,-8.775211385189017,73683.917132794,4.1,73.2073612,5,100.0
JPN,Japan,867743868.685,-1.575787294086375,827771763.0499222,-4.606440572798562,35951.0449549304,3.9,85.270442,5,100.0
CAN,Canada,772380931.709,4.968642713791873,719097740.6871144,-6.8985637571333065,55697.6639660837,4.0,76.1173365,5,100.0
ESP,Spain,788217443.6,16.61839459746084,701339648.1899235,-11.022059472990392,38627.2472148623,3.9,65.8432851,5,100.0
CHE,Switzerland,707534511.95,6.441693595215376,656467979.008673,-7.217532442422519,114769.012314293,4.1,82.6457687,5,100.0
AUS,Australia,603201415.975,4.4956844383530346,566700885.1664863,-6.051134802048698,65129.7227990563,3.7,79.4447025,5,100.0
ITA,Italy,549566613.109,14.18142529712378,498529149.28895545,-9.286856698101827,43308.6403060733,3.7,71.1675431,5,100.0
AUT,Austria,509038568.896,6.51788164698297,476657321.7213055,-6.36125613132278,62930.0351324599,4.0,74.2916722,5,100.0
POL,Poland,432592351.0,18.929342454431293,388406180.6670413,-10.214274531395654,28419.5777395638,3.6,74.4122187,5,100.0
BEL,Belgium,393631512.471,7.869616708941564,369340426.97255504,-6.171021559213853,60750.2735864647,4.0,67.9689981,5,100.0
DNK,Denmark,378263453.536,13.414447716758737,347840305.7941941,-8.042846184956773,76970.1535217919,4.1,79.0280276,5,100.0
SWE,Sweden,362324625.402,16.23392800928734,330153576.0019436,-8.879067870245521,63133.2126736715,4.0,76.2033355,5,100.0
CZE,Czechia,298126959.0,-20.48272490048204,321962016.72070235,7.994935379427511,35917.2724081665,3.3,82.4960109,5,100.0
NOR,Norway,328249168.006,16.77375239505334,299371159.89645696,-8.797587602420114,94594.1929573987,3.7,81.3235982,5,100.0
MYS,Malaysia,316400977.891,35.70192248654758,271360263.16625017,-14.235327281531449,13124.5554178269,3.6,72.4670498,5,100.0
ROU,Romania,256799987.72,3.650769599955821,248135737.06288105,-3.373929544952296,22537.9532108047,3.2,68.6083999,5,100.0
SAU,Saudi Arabia,244888936.661,-5.000219507723688,246026844.1674961,0.4646626842401248,34536.6555456551,3.4,65.0715555,5,100.0
HKG,"China, Hong Kong SAR",239070602.048,-3.783438461922866,239026120.4891444,-0.0186060345665972,56983.0663059906,4.0,76.6745657,5,100.0
SGP,Singapore,222004815.332,1.3380279740155825,217514678.05477032,-2.0225404888244576,98813.9788172877,4.3,86.9368376,5,100.0
KOR,Rep. of Korea,221678645.0,2.121389509672769,216486448.66220555,-2.3422176447327403,36226.9663637512,3.8,76.8155059,5,100.0
PRT,Portugal,204341337.695,6.005895467267456,196849186.20666155,-3.666488422191515,32081.8106150292,3.4,75.0659657,5,100.0
ISR,Israel,177279000.0,0.1921566189477729,175681509.370463,-0.9011166745846864,60336.8477964194,3.6,48.1722073,5,100.0
MEX,Mexico,174745291.0,-0.2123697886946985,173544775.6390478,-0.6870087051170943,13889.2339628708,2.9,53.6732923,5,100.0
IRL,Ireland,167421152.32,2.253785923732847,164736579.25208747,-1.6034850021706737,131592.462547877,3.6,78.0218154,5,100.0
SVK,Slovakia,162498940.4,21.05982714434873,148963781.3133583,-8.329382981405397,28543.6653439813,3.3,76.7304703,5,100.0
GRC,Greece,146795229.227,1.9377360775599264,145182887.41843823,-1.0983611777113629,26948.0070432791,3.7,68.2759168,5,100.0
HUN,Hungary,148739987.981,8.072372847438068,143417384.60927877,-3.5784616120858805,25907.4743259406,3.2,73.3475875,5,100.0
HRV,Croatia,131843698.0,18.032440087795266,122892482.35605168,-6.789263180367053,27103.9116109268,3.3,75.8257878,5,100.0
FIN,Finland,114157945.3,6.741836493299214,111503629.11273302,-2.325126105144585,56148.580949046,4.2,80.1160128,5,100.0
BGR,Bulgaria,116167423.167,17.352584028983067,108940957.51236404,-6.220733367088058,20328.1667065538,3.2,66.5764069,5,100.0
PHL,Philippines,100646084.0,0.102477495958199,101419397.6704937,0.7683494873915879,4170.72347271451,3.3,52.6707116,5,100.0
THA,Thailand,105366117.047,18.535129770885124,98672770.001213,-6.352466270348889,8056.56359761558,3.5,54.2220045,5,100.0
TUR,Türkiye,104528702.0,33.40672304465056,93209248.06787124,-10.829039025213149,18599.4420922378,3.4,49.3131044,5,100.0
NZL,New Zealand,78129040.989,-3.053505107060343,80410661.39290167,2.9203230642788984,49591.0405731713,3.6,85.5494444,5,100.0
KAZ,Kazakhstan,68475236.62,-22.493799087879022,78033756.09097342,13.959089362506267,14692.1331757237,2.7,61.0644717,5,100.0
KWT,Kuwait,71316574.884,-12.125163528422002,76807220.62706874,7.698975661688117,32312.3119953634,3.2,70.9153025,5,100.0
CHL,Chile,74093861.743,3.9169784790057687,74124376.66618457,0.0411841446332179,17994.5911957485,3.0,67.9673582,5,100.0
IDN,Indonesia,61344884.587,-6.996673239955163,64733461.40487847,5.52381317642346,5059.62596411213,3.0,55.4895207,5,100.0
IND,India,73693910.889,52.086557071376006,62931564.4981472,-14.60411893061745,2702.47987141553,3.4,52.4723123,5,100.0
MAR,Morocco,64685976.347,14.806415150064517,62268175.143660575,-3.737751735197486,4672.46826171875,,58.3648187,4,80.0
LTU,Lithuania,58843710.0,2.888803973481541,59513647.11365645,1.13850250716084,32958.6706396386,3.4,81.941602,5,100.0
SVN,Slovenia,55546685.816,-2.948233213244607,57706736.63937182,3.888712335650503,37376.2216079138,3.3,78.2087684,5,100.0
CYP,Cyprus,57706523.135,21.36864691824983,54444453.24550352,-5.652861604337381,41783.08984375,3.2,72.4855218,5,100.0
ZAF,South Africa,52449212.704,27.52800386101265,48606583.97390225,-7.326380191412674,6597.71450918774,3.7,55.3527432,5,100.0
LUX,Luxembourg,48382652.428,7.835434245302947,48231532.65682715,-0.3123428823951688,147252.179121515,3.6,84.2238592,5,100.0
SRB,Serbia,49384713.0,19.994983434594445,47026604.45291438,-4.77497671614619,15262.0464193413,2.8,63.0137693,5,100.0
DOM,Dominican Rep.,47607145.959,12.056677103038528,46711458.7931079,-1.881413279139819,11059.2081531834,2.6,75.9612671,5,100.0
ISL,Iceland,42744903.901,21.315136690882284,40686549.35817729,-4.815438461599996,98323.4849517418,3.6,86.4880288,5,100.0
BIH,Bosnia Herzegovina,38965705.484,5.555143171657799,39445604.27908381,1.2315927278177172,10381.8460703874,3.0,57.3354627,5,100.0
PAN,Panama,32266060.0,-17.801016976786844,36612236.72457734,13.469809219276655,19789.7308555826,3.1,70.4155683,5,100.0
LVA,Latvia,35578111.926,13.498764080362136,35012870.56276856,-1.5887334448975414,26311.9730706362,3.5,76.4873804,5,100.0
MNE,Montenegro,41015674.156,58.996328595393656,34995358.56640981,-14.67808517956423,14816.8380299947,2.8,71.56303,5,100.0
GEO,Georgia,33978969.707,4.769392495707598,34644122.978023686,1.9575439654565367,9691.53472415196,2.7,55.4274855,5,100.0
EST,Estonia,29313231.89,-19.838856286202493,33725516.05867153,15.052192761374585,34417.6320815138,3.6,77.8442761,5,100.0
COL,Colombia,31998532.54,13.780528501104811,31553446.38566901,-1.3909580190110298,8561.62091854449,2.9,49.3103253,5,100.0
AZE,Azerbaijan,25263011.91,-29.531939404120667,30912770.58198447,22.36375730697453,7410.72281660142,,63.4960375,4,80.0
GTM,Guatemala,23611522.0,-9.350063036229304,25898561.948185325,9.686118278124232,6598.18032988711,2.6,62.3112389,5,100.0
EGY,Egypt,24480132.866,10.475862810359237,24632705.34811232,0.6232502206890524,3085.80712036204,3.1,49.1898949,5,100.0
MLT,Malta,22387698.204,12.92434472656513,22376232.136913706,-0.0512159266299456,47906.9000057635,3.3,79.6436621,5,100.0
ARM,Armenia,17417760.83,10.375340930175202,17705989.514208786,1.6547975771509549,9474.01849300368,2.5,53.5393178,5,100.0
MKD,North Macedonia,16875617.088,9.940888642932872,17199336.035108898,1.918264353954144,10489.9255355525,3.1,68.5558552,5,100.0
GHA,Ghana,15266497.17,15.9467729903777,15256699.286089636,-0.0641789914298029,3257.1588903576,2.5,66.090157,5,100.0
SLV,El Salvador,14870014.32,10.196473995313095,15195628.83588686,2.189739087533441,5766.72574029107,2.7,65.9991479,5,100.0
BMU,Bermuda,14365629.68,6.753123895327306,14894949.060173456,3.684623590919796,,,82.483526,3,60.0
AND,Andorra,14318404.506,6.315648110951572,14873462.87329664,3.876537829784383,54291.5026031052,,,3,60.0
PRY,Paraguay,19059078.849,132.30967349792147,14402363.39109874,-24.433056260458205,7026.61906146401,2.7,64.6331579,5,100.0
JAM,Jamaica,12372497.954,-10.538095932794,13905960.406789184,12.3941216922442,8002.92104076242,2.5,74.0392932,5,100.0
MDA,Rep. of Moldova,13441852.0,8.54578539417283,13865017.10848317,3.148116111404658,8621.71721623786,2.5,60.0013863,5,100.0
ECU,Ecuador,11539154.466,-11.97835979070022,13087970.768356036,13.42226856326092,7125.27618527738,,53.5770067,4,80.0
MUS,Mauritius,11861652.405,-2.157203948000793,12838655.079550017,8.236649002951603,12991.2935987166,2.5,79.394872,5,100.0
MDV,Maldives,12019052.331,12.184825626680611,12264360.148019455,2.040991338283367,14614.7208116541,,64.9641925,4,80.0
BRA,Brazil,11631040.0,4.464182587422775,12246246.204169856,5.289348193883405,10713.2856869511,3.2,57.0022212,5,100.0
AGO,Angola,12792968.42,34.310275985421704,12086117.936192384,-5.525304687710751,3129.47662331063,2.1,56.0964488,5,100.0
ARG,Argentina,18621188.97,298.2345249956577,11887701.867558869,-36.160349982427206,14898.0885943842,2.8,62.9948599,5,100.0
NGA,Nigeria,9156233.669,-1.0120451097840064,9934601.046755096,8.500955806647797,1224.25410237743,2.6,31.6874346,5,100.0
MAC,"China, Macao SAR",7825466.045,-25.49844731326274,9661547.831504147,23.46290656615005,75901.7461294198,,83.8962136,4,80.0
TTO,Trinidad and Tobago,9624694.749,45.69663023894952,8868094.75802904,-7.861028434689528,18967.2704636681,2.5,72.0440017,5,100.0
TGO,Togo,6862656.336,-15.50106218021246,8044086.067986789,17.215341613265203,1383.89974929887,2.5,52.0677499,5,100.0
FJI,Fiji,6279551.402,-20.67950920226909,7588199.297048699,20.839830925373157,6642.00449450523,2.3,77.8248628,5,100.0
KGZ,Kyrgyzstan,6151720.0,-22.3888663830468,7510265.801670772,22.08399929890782,3080.96893823359,2.3,57.2762971,5,100.0
BRB,Barbados,8504804.0,72.31607975024636,7356231.554483549,-13.50498430671008,28364.8181499736,,87.6259794,4,80.0
PYF,French Polynesia,4845893.748,10.112435926344896,5116345.400753449,5.581047930839796,,,83.4942443,3,60.0
GUY,Guyana,3716055.296,-5.001827847816447,4212451.707396715,13.35815459826556,32413.7930757518,2.4,69.5925307,5,100.0
LKA,Sri Lanka,2778609.789,-36.838266756201655,3806170.5641056616,36.9811111719819,5002.07904353724,2.8,59.9106677,5,100.0
SUR,Suriname,2860415.85,33.897568337062644,2825200.6782835703,-1.2311207028317144,7069.87230892274,,74.0632877,4,80.0
BOL,Bolivia (Plurinational State of),2080165.0,-3.350408288903602,2379974.8313792776,14.412790878573462,5147.81081955367,2.4,56.5672297,5,100.0
MMR,Myanmar,445914.23,-76.3331038573944,1015820.400547296,127.80623093084424,1488.87527836542,,30.1870415,4,80.0
PAK,Pakistan,976787.612,35.485890968404846,990297.6220281444,1.3831062005876815,1595.90912252837,,30.6476878,4,80.0
BLZ,Belize,742966.825,2.1029677312180177,855173.2189267923,15.102477008551803,7865.47937690933,,79.2986992,4,80.0
