reporterISO,reporterDesc,refYear,previous_import_value,import_value,growth_percent,next_year_import_value
ABW,Aruba,2022,6580853.538,8428034.518,28.069018241080318,9101790.374
AGO,Angola,2022,10815357.58,29010841.78,168.23747218166415,15935906.44
AGO,Angola,2023,29010841.78,15935906.44,-45.06913463301788,9524936.44
AGO,Angola,2024,15935906.44,9524936.44,-40.229716609706706,12792968.42
ALB,Albania,2022,8036671.853,382170.394,-95.2446684275489,13401826.107
ALB,Albania,2023,382170.394,13401826.107,3406.7672214818404,18200434.557
AND,Andorra,2022,9387679.947,12740298.065,35.71295716223674,11874490.647
AND,Andorra,2023,12740298.065,11874490.647,-6.795817598479394,13467824.126
AND,Andorra,2024,11874490.647,13467824.126,13.41812062821022,14318404.506
ARE,United Arab Emirates,2022,326466432.046,346347998.402,6.089926682936468,340253760.712
ARG,Argentina,2022,3501366.27,3946944.83,12.72584830149746,2866077.37
ARG,Argentina,2023,3946944.83,2866077.37,-27.384914321186493,4675935.36
ARG,Argentina,2024,2866077.37,4675935.36,63.147562202760774,18621188.97
ARM,Armenia,2022,7167697.94,9938806.21,38.661063750127845,12291200.9
ARM,Armenia,2023,9938806.21,12291200.9,23.668785166905867,15780482.02
ARM,Armenia,2024,12291200.9,15780482.02,28.388447543803462,17417760.83
ATG,Antigua and Barbuda,2022,3846017.237,7617337.996,98.05782258900469,5604393.283
ATG,Antigua and Barbuda,2023,7617337.996,5604393.283,-26.425828997702787,6929787.019
AUS,Australia,2022,661195087.177,694405429.332,5.022775093020263,486928241.038
AUS,Australia,2023,694405429.332,486928241.038,-29.878393735139387,577250074.218
AUS,Australia,2024,486928241.038,577250074.218,18.5493108774012,603201415.975
AUT,Austria,2022,509107620.233,480644663.697,-5.590754371928964,460711279.228
AUT,Austria,2023,480644663.697,460711279.228,-4.147218511837283,477890248.121
AUT,Austria,2024,460711279.228,477890248.121,3.728792774899344,509038568.896
AZE,Azerbaijan,2022,20098724.62,26483246.64,31.765806740029852,26954349.02
AZE,Azerbaijan,2023,26483246.64,26954349.02,1.7788694354734105,35850301.11
AZE,Azerbaijan,2024,26954349.02,35850301.11,33.00377272476232,25263011.91
BDI,Burundi,2022,1111242.005,1389990.494,25.084408953745417,1330261.075
BEL,Belgium,2022,423824838.345,418742306.772,-1.1992056890405167,389253567.576
BEL,Belgium,2023,418742306.772,389253567.576,-7.042216350987504,364914166.269
BEL,Belgium,2024,389253567.576,364914166.269,-6.252839622914394,393631512.471
BEN,Benin,2022,1140829.014,6925466.512,507.05560842266584,1201286.176
BEN,Benin,2023,6925466.512,1201286.176,-82.65407573744687,1188127.524
BFA,Burkina Faso,2022,5743640.853,5758390.181,0.25679405062898253,5857386.862
BFA,Burkina Faso,2023,5758390.181,5857386.862,1.7191728571405722,6237702.955
BGR,Bulgaria,2022,87829271.869,99316675.889,13.079243144738584,97895771.7
BGR,Bulgaria,2023,99316675.889,97895771.7,-1.4306803729396367,98990085.415
BGR,Bulgaria,2024,97895771.7,98990085.415,1.117835526495986,116167423.167
BHR,Bahrain,2022,22140597.007,20681352.889,-6.590807454463149,28716234.527
BHR,Bahrain,2023,20681352.889,28716234.527,38.85085120458244,34434860.906
BHS,Bahamas,2022,16964164.0,31633542.0,86.47274336654608,36203816.0
BHS,Bahamas,2023,31633542.0,36203816.0,14.447556963428248,36602283.0
BIH,Bosnia Herzegovina,2022,30973527.88,30649625.17,-1.045740450538556,35049344.363
BIH,Bosnia Herzegovina,2023,30649625.17,35049344.363,14.354887436948047,36915023.099
BIH,Bosnia Herzegovina,2024,35049344.363,36915023.099,5.323006093002737,38965705.484
BLZ,Belize,2022,326448.645,424722.265,30.103852935275622,664133.35
BLZ,Belize,2023,424722.265,664133.35,56.368856716282565,727664.28
BLZ,Belize,2024,664133.35,727664.28,9.565990022937418,742966.825
BMU,Bermuda,2022,14647426.14,9373731.7,-36.00423985479814,10056151.41
BMU,Bermuda,2023,9373731.7,10056151.41,7.2801284679398375,13456870.54
BMU,Bermuda,2024,10056151.41,13456870.54,33.817302378902816,14365629.68
BOL,Bolivia (Plurinational State of),2022,3330348.13,3400319.0,2.1010076805393947,3390625.0
BOL,Bolivia (Plurinational State of),2023,3400319.0,3390625.0,-0.2850908988244927,2152275.0
BOL,Bolivia (Plurinational State of),2024,3390625.0,2152275.0,-36.52276497695853,2080165.0
BRA,Brazil,2022,9921811.0,8049730.0,-18.8683396609752,7661560.0
BRA,Brazil,2023,8049730.0,7661560.0,-4.822149314324829,11133998.0
BRA,Brazil,2024,7661560.0,11133998.0,45.322858530116584,11631040.0
BRB,Barbados,2022,3206859.5,5206346.0,62.35029941286795,4285411.5
BRB,Barbados,2023,5206346.0,4285411.5,-17.688691838767532,4935583.5
BRB,Barbados,2024,4285411.5,4935583.5,15.171751884270623,8504804.0
BRN,Brunei Darussalam,2022,4995860.38,4870878.441,-2.5017100057548096,3579599.414
BRN,Brunei Darussalam,2023,4870878.441,3579599.414,-26.510187898158634,2568612.091
BWA,Botswana,2022,7261193.534,6130312.527,-15.574312979054117,5422024.428
CAF,Central African Rep.,2022,923610.919,548544.141,-40.608742305265025,219075.447
CAF,Central African Rep.,2023,548544.141,219075.447,-60.062385025091345,604040.01
CAN,Canada,2022,790858281.107,806266446.92,1.948284058103616,710731748.494
CAN,Canada,2023,806266446.92,710731748.494,-11.84902320950474,735820633.42
CAN,Canada,2024,710731748.494,735820633.42,3.530007626528844,772380931.709
CHE,Switzerland,2022,730074273.238,689973062.578,-5.492757672742609,686908667.66
CHE,Switzerland,2023,689973062.578,686908667.66,-0.4441325443272011,664715571.551
CHE,Switzerland,2024,686908667.66,664715571.551,-3.230865638164419,707534511.95
CHL,Chile,2022,112946528.111,104976083.066,-7.056830500506328,55838330.307
CHL,Chile,2023,104976083.066,55838330.307,-46.80852183073584,71301016.28
CHL,Chile,2024,55838330.307,71301016.28,27.691884567439462,74093861.743
CHN,China,2022,335833926.0,258763517.0,-22.9489646617775,204715550.0
CHN,China,2023,258763517.0,204715550.0,-20.887012058968114,183249388.0
CIV,Côte d'Ivoire,2022,16041800.062,18966210.057,18.229936688510257,14458506.582
CIV,Côte d'Ivoire,2023,18966210.057,14458506.582,-23.767022834044315,20596683.703
CMR,Cameroon,2022,7426371.19,6762220.44,-8.943139697815186,6623697.828
COD,Dem. Rep. of the Congo,2022,4974754.254,6507861.654,30.81775142495311,12649119.12
COG,Congo,2022,2730525.08,2711636.809,-0.6917450104505242,7299600.689
COL,Colombia,2022,21837904.66,21006454.69,-3.807370638094904,19494857.88
COL,Colombia,2023,21006454.69,19494857.88,-7.195868280998359,28123030.33
COL,Colombia,2024,19494857.88,28123030.33,44.258709158643015,31998532.54
COM,Comoros,2022,1871317.265,1547045.395,-17.32853514820748,1897186.309
CPV,Cabo Verde,2022,1677307.298,1676401.302,-0.054014908364158495,1646865.601
CPV,Cabo Verde,2023,1676401.302,1646865.601,-1.761851471050688,1393352.575
CRI,Costa Rica,2022,13788744.62,14401041.93,4.44055878090518,14727057.49
CRI,Costa Rica,2023,14401041.93,14727057.49,2.2638331419676696,21522623.2
CYM,Cayman Isds,2022,14223905.236,8551651.192,-39.87831717019462,7630405.443
CYM,Cayman Isds,2023,8551651.192,7630405.443,-10.772723633323793,4682765.035
CYP,Cyprus,2022,49236111.858,47524951.331,-3.4754176607915257,51223629.266
CYP,Cyprus,2023,47524951.331,51223629.266,7.782602257158748,47546483.05
CYP,Cyprus,2024,51223629.266,47546483.05,-7.178613207793018,57706523.135
CZE,Czechia,2022,431218853.0,418262101.0,-3.004681244769231,408303362.0
CZE,Czechia,2023,418262101.0,408303362.0,-2.3809804847702423,374920995.0
CZE,Czechia,2024,408303362.0,374920995.0,-8.17587365347239,298126959.0
DEU,Germany,2022,2673324149.015,2416885019.674,-9.5925190903425,2264819401.77
DEU,Germany,2023,2416885019.674,2264819401.77,-6.291801913047196,2258093198.564
DEU,Germany,2024,2264819401.77,2258093198.564,-0.29698629395099646,2764834109.814
DJI,Djibouti,2022,2601015.017,1658826.27,-36.223887245630614,1381739.836
DMA,Dominica,2022,426782.536,450812.512,5.630496558087832,712165.214
DNK,Denmark,2022,377374586.573,366986536.356,-2.75271589200947,328746504.462
DNK,Denmark,2023,366986536.356,328746504.462,-10.420009484191201,333523163.187
DNK,Denmark,2024,328746504.462,333523163.187,1.4529914874127887,378263453.536
DOM,Dominican Rep.,2022,24386580.279,23276596.615,-4.551616714196866,26099771.85
DOM,Dominican Rep.,2023,23276596.615,26099771.85,12.128814541472446,42484881.035
DOM,Dominican Rep.,2024,26099771.85,42484881.035,62.778744883932745,47607145.959
ECU,Ecuador,2022,12065940.153,11847674.7,-1.8089386341414386,11913561.9
ECU,Ecuador,2023,11847674.7,11913561.9,0.5561192526665264,13109451.765
ECU,Ecuador,2024,11913561.9,13109451.765,10.038054739951452,11539154.466
EGY,Egypt,2022,37789237.809,32703210.54,-13.458930541829286,41950133.622
EGY,Egypt,2023,32703210.54,41950133.622,28.275276125229027,22158806.678
EGY,Egypt,2024,41950133.622,22158806.678,-47.178221462495635,24480132.866
ESP,Spain,2022,660364980.597,693594080.428,5.031929434077402,636441540.268
ESP,Spain,2023,693594080.428,636441540.268,-8.24005593080214,675894610.212
ESP,Spain,2024,636441540.268,675894610.212,6.199009248734246,788217443.6
EST,Estonia,2022,38860980.41,38897604.28,0.09424329909746806,31923363.48
EST,Estonia,2023,38897604.28,31923363.48,-17.929743821230527,36567881.31
EST,Estonia,2024,31923363.48,36567881.31,14.548961399101302,29313231.89
ETH,Ethiopia,2022,22301163.21,30358645.956,36.130324997518365,15627362.948
FIN,Finland,2022,120160023.967,135063979.374,12.403422465272769,119849364.38
FIN,Finland,2023,135063979.374,119849364.38,-11.264746577523727,106947705.839
FIN,Finland,2024,119849364.38,106947705.839,-10.764895256426552,114157945.3
FJI,Fiji,2022,2472803.777,4464852.727,80.55831071306231,6947720.168
FJI,Fiji,2023,4464852.727,6947720.168,55.60916771085246,7916682.485
FJI,Fiji,2024,6947720.168,7916682.485,13.946478752308908,6279551.402
FRA,France,2022,1836805396.82,1722882882.065,-6.202209278796226,1508762668.848
FRA,France,2023,1722882882.065,1508762668.848,-12.428019074654767,1488445256.97
FRA,France,2024,1508762668.848,1488445256.97,-1.3466274250749568,1504455337.143
GAB,Gabon,2022,4267353.939,4621028.145,8.287904192050176,4831373.555
GBR,United Kingdom,2022,2164556566.93,2086955667.965,-3.585071425278648,1633109139.445
GBR,United Kingdom,2023,2086955667.965,1633109139.445,-21.7468217215437,1713201481.749
GBR,United Kingdom,2024,1633109139.445,1713201481.749,4.9042859640855925,1825778303.436
GEO,Georgia,2022,17857168.4,23740232.187,32.945110082514546,28486189.49
GEO,Georgia,2023,23740232.187,28486189.49,19.991200025410265,32432153.034
GEO,Georgia,2024,28486189.49,32432153.034,13.852198607978872,33978969.707
GHA,Ghana,2022,21253617.996,15362489.047,-27.718240490201378,11152491.711
GHA,Ghana,2023,15362489.047,11152491.711,-27.404396013692413,13166815.062
GHA,Ghana,2024,11152491.711,13166815.062,18.061644009232673,15266497.17
GMB,Gambia,2022,2267512.18,3446281.983,51.98515859791323,4201243.013
GMB,Gambia,2023,3446281.983,4201243.013,21.906536775693674,5128240.298
GRC,Greece,2022,112787424.072,120509982.755,6.847003330859082,131956370.206
GRC,Greece,2023,120509982.755,131956370.206,9.498289842320213,144004796.335
GRC,Greece,2024,131956370.206,144004796.335,9.130613482464653,146795229.227
GRD,Grenada,2022,1042874.073,996678.888,-4.429603362092591,1551173.087
GRD,Grenada,2023,996678.888,1551173.087,55.63418726694249,1261882.784
GTM,Guatemala,2022,17552389.0,19422919.0,10.656839932159661,20303185.0
GTM,Guatemala,2023,19422919.0,20303185.0,4.532099423366797,26046926.0
GTM,Guatemala,2024,20303185.0,26046926.0,28.28985206015706,23611522.0
GUY,Guyana,2022,3709485.727,4005650.986,7.9839978044482205,4899494.749
GUY,Guyana,2023,4005650.986,4899494.749,22.31456924539955,3911712.417
GUY,Guyana,2024,4899494.749,3911712.417,-20.160901942013695,3716055.296
HKG,"China, Hong Kong SAR",2022,222059530.158,239366372.374,7.793784938518892,226098805.333
HKG,"China, Hong Kong SAR",2023,239366372.374,226098805.333,-5.542786528205385,248471363.169
HKG,"China, Hong Kong SAR",2024,226098805.333,248471363.169,9.895035846407737,239070602.048
HRV,Croatia,2022,92841070.0,93252001.0,0.4426176906405754,107039697.0
HRV,Croatia,2023,93252001.0,107039697.0,14.785415703841037,111701239.0
HRV,Croatia,2024,107039697.0,111701239.0,4.3549656161676165,131843698.0
HUN,Hungary,2022,129163152.0,136409232.0,5.610021037578891,130143110.01
HUN,Hungary,2023,136409232.0,130143110.01,-4.593620166412194,137629982.633
HUN,Hungary,2024,130143110.01,137629982.633,5.752799838904035,148739987.981
IDN,Indonesia,2022,48332273.0,52807085.0,9.258434835042829,56025520.0
IDN,Indonesia,2023,52807085.0,56025520.0,6.094703011915921,65959882.0
IDN,Indonesia,2024,56025520.0,65959882.0,17.731851484823345,61344884.587
IND,India,2022,66417450.806,69967248.18,5.344675730432166,61476656.877
IND,India,2023,69967248.18,61476656.877,-12.135093953040487,48455243.059
IND,India,2024,61476656.877,48455243.059,-21.181070148386098,73693910.889
IRL,Ireland,2022,153582411.774,176905768.357,15.186215865213038,149713912.838
IRL,Ireland,2023,176905768.357,149713912.838,-15.370813383612337,163731005.955
IRL,Ireland,2024,149713912.838,163731005.955,9.36258551479274,167421152.32
ISL,Iceland,2022,27597788.992,26882209.676,-2.5928863946580307,30422213.489
ISL,Iceland,2023,26882209.676,30422213.489,13.168574516999096,35234600.617
ISL,Iceland,2024,30422213.489,35234600.617,15.818662010704946,42744903.901
ISR,Israel,2022,204102000.0,192406000.0,-5.730468099283692,172813000.0
ISR,Israel,2023,192406000.0,172813000.0,-10.183154371485296,176939000.0
ISR,Israel,2024,172813000.0,176939000.0,2.387551862417758,177279000.0
ITA,Italy,2022,451792598.44,482218444.875,6.734472087426348,459897439.695
ITA,Italy,2023,482218444.875,459897439.695,-4.628816134518875,481309995.631
ITA,Italy,2024,459897439.695,481309995.631,4.655941539966087,549566613.109
JAM,Jamaica,2022,9901086.32,9805670.14,-0.9636940525128125,13280695.09
JAM,Jamaica,2023,9805670.14,13280695.09,35.43893380447732,13829906.8
JAM,Jamaica,2024,13280695.09,13829906.8,4.135413894213581,12372497.954
JOR,Jordan,2022,48006076.602,42795690.097,-10.853597864698077,41206043.482
JOR,Jordan,2023,42795690.097,41206043.482,-3.714501650509515,37840065.886
JPN,Japan,2022,1195298436.735,1157591696.422,-3.1545879383894504,933398874.273
JPN,Japan,2023,1157591696.422,933398874.273,-19.367176081338307,881636585.987
JPN,Japan,2024,933398874.273,881636585.987,-5.545570035780931,867743868.685
KAZ,Kazakhstan,2022,63514128.993,55690602.465,-12.317773465589429,71926345.94
KAZ,Kazakhstan,2023,55690602.465,71926345.94,29.153470704871093,88348075.14
KAZ,Kazakhstan,2024,71926345.94,88348075.14,22.83131304028539,68475236.62
KEN,Kenya,2022,16549825.295,17579567.525,6.222073113431006,18504786.698
KEN,Kenya,2023,17579567.525,18504786.698,5.26303716905573,17302463.822
KGZ,Kyrgyzstan,2022,4161702.0,4358868.0,4.737628979681871,4703310.0
KGZ,Kyrgyzstan,2023,4358868.0,4703310.0,7.90209751706177,7926337.0
KGZ,Kyrgyzstan,2024,4703310.0,7926337.0,68.52678220232134,6151720.0
KHM,Cambodia,2022,3454421.36,4521662.3,30.894926495012175,4851057.06
KHM,Cambodia,2023,4521662.3,4851057.06,7.2848155865156,5239698.04
KOR,Rep. of Korea,2022,287104360.0,235586244.0,-17.944038188761745,192230718.0
KOR,Rep. of Korea,2023,235586244.0,192230718.0,-18.403250233914335,217073667.0
KOR,Rep. of Korea,2024,192230718.0,217073667.0,12.923506325352227,221678645.0
KWT,Kuwait,2022,97978424.0,85511391.772,-12.72426287240546,90050532.42
KWT,Kuwait,2023,85511391.772,90050532.42,5.3082291773507375,81156993.0
KWT,Kuwait,2024,90050532.42,81156993.0,-9.876165282977015,71316574.884
LAO,Lao People's Dem. Rep.,2022,1567613.26,1528704.6,-2.4820318246095927,1878946.09
LBN,Lebanon,2022,17574829.0,21531057.0,22.510762409125004,16674977.0
LBN,Lebanon,2023,21531057.0,16674977.0,-22.553839321497314,12961642.0
LBR,Liberia,2022,1372684.89,1595395.28,16.224436622158795,1634858.97
LKA,Sri Lanka,2022,2129937.024,5321072.13,149.8229792732125,5152405.284
LKA,Sri Lanka,2023,5321072.13,5152405.284,-3.1697906339036965,4399198.132
LKA,Sri Lanka,2024,5152405.284,4399198.132,-14.618554063263781,2778609.789
LSO,Lesotho,2022,2771850.067,2520652.764,-9.062441940514955,2438224.801
LSO,Lesotho,2023,2520652.764,2438224.801,-3.2701038467986296,2584755.392
LTU,Lithuania,2022,66762253.0,71433866.0,6.997386681962336,63956351.0
LTU,Lithuania,2023,71433866.0,63956351.0,-10.467745088863033,57191558.0
LTU,Lithuania,2024,63956351.0,57191558.0,-10.577202880133045,58843710.0
LUX,Luxembourg,2022,61575397.595,55359831.406,-10.094236386229534,51712488.261
LUX,Luxembourg,2023,55359831.406,51712488.261,-6.588428924667385,44867118.834
LUX,Luxembourg,2024,51712488.261,44867118.834,-13.2373623029905,48382652.428
LVA,Latvia,2022,46582157.328,42084853.668,-9.654562858334442,37734699.43
LVA,Latvia,2023,42084853.668,37734699.43,-10.336626740626448,31346695.459
LVA,Latvia,2024,37734699.43,31346695.459,-16.928726258572986,35578111.926
MAC,"China, Macao SAR",2022,19477658.101,15353515.279,-21.173709901953067,15706317.449
MAC,"China, Macao SAR",2023,15353515.279,15706317.449,2.297859243235003,10503762.355
MAC,"China, Macao SAR",2024,15706317.449,10503762.355,-33.12396499620755,7825466.045
MAR,Morocco,2022,61719166.087,58010688.174,-6.008632566053282,61204877.537
MAR,Morocco,2023,58010688.174,61204877.537,5.5062083618439335,56343520.754
MAR,Morocco,2024,61204877.537,56343520.754,-7.94276041163742,64685976.347
MDA,Rep. of Moldova,2022,13714367.0,11469571.0,-16.368207150938865,11471635.0
MDA,Rep. of Moldova,2023,11469571.0,11471635.0,0.017995442026558797,12383578.0
MDA,Rep. of Moldova,2024,11471635.0,12383578.0,7.949546860582646,13441852.0
MDG,Madagascar,2022,2868309.191,2438652.503,-14.979441175593964,2089624.198
MDG,Madagascar,2023,2438652.503,2089624.198,-14.31234276185843,2338284.749
MDV,Maldives,2022,9116662.466,9692567.941,6.3170647936983695,9933215.969
MDV,Maldives,2023,9692567.941,9933215.969,2.482809813300858,10713616.805
MDV,Maldives,2024,9933215.969,10713616.805,7.856477080892101,12019052.331
MEX,Mexico,2022,114693207.0,149200744.0,30.08681848088876,123124112.0
MEX,Mexico,2023,149200744.0,123124112.0,-17.47754823528226,175117187.0
MEX,Mexico,2024,123124112.0,175117187.0,42.22818272995951,174745291.0
MKD,North Macedonia,2022,16261137.25,12751202.16,-21.584806991282235,14559490.512
MKD,North Macedonia,2023,12751202.16,14559490.512,14.181316626541507,15349718.65
MKD,North Macedonia,2024,14559490.512,15349718.65,5.427580981276031,16875617.088
MLI,Mali,2022,11135937.521,10906363.377,-2.0615609917626747,8138463.843
MLT,Malta,2022,14043934.136,16983289.247,20.929713017275585,28076564.83
MLT,Malta,2023,16983289.247,28076564.83,65.31876965446818,19825395.718
MLT,Malta,2024,28076564.83,19825395.718,-29.388100581249066,22387698.204
MMR,Myanmar,2022,1124668.88,2617684.154,132.75154141368262,1556890.885
MMR,Myanmar,2023,2617684.154,1556890.885,-40.52411240596141,1884126.365
MMR,Myanmar,2024,1556890.885,1884126.365,21.01852372268208,445914.23
MNE,Montenegro,2022,15297130.014,20090377.549,31.33429297268963,26295525.703
MNE,Montenegro,2023,20090377.549,26295525.703,30.886169953082167,25796617.141
MNE,Montenegro,2024,26295525.703,25796617.141,-1.8973135111844646,41015674.156
MNG,Mongolia,2022,6519382.5,10620033.493,62.89937724930238,7830513.328
MOZ,Mozambique,2022,7036622.701,5461295.03,-22.387553488921956,5783000.0
MOZ,Mozambique,2023,5461295.03,5783000.0,5.890635247369152,5034047.2
MRT,Mauritania,2022,1634594.51,1705161.912,4.317119724083742,2125991.097
MRT,Mauritania,2023,1705161.912,2125991.097,24.6797199748853,5360973.734
MSR,Montserrat,2022,47232.478,71747.548,51.902993529155914,89107.596
MSR,Montserrat,2023,71747.548,89107.596,24.196015730042802,53289.1
MUS,Mauritius,2022,6414811.472,7899782.924,23.149105137099493,8766962.507
MUS,Mauritius,2023,7899782.924,8766962.507,10.97725837966329,12123173.993
MUS,Mauritius,2024,8766962.507,12123173.993,38.28248932649395,11861652.405
MWI,Malawi,2022,2734898.098,1519958.336,-44.42358429692397,2953369.24
MWI,Malawi,2023,1519958.336,2953369.24,94.30593392265197,3453210.661
MYS,Malaysia,2022,192435344.746,203137519.794,5.561439382212277,178265286.582
MYS,Malaysia,2023,203137519.794,178265286.582,-12.244037062785216,233158802.833
MYS,Malaysia,2024,178265286.582,233158802.833,30.793160745712335,316400977.891
NAM,Namibia,2022,6079441.134,10850080.977,78.4716841210885,4566990.707
NAM,Namibia,2023,10850080.977,4566990.707,-57.90823389538653,5243011.301
NER,Niger,2022,1270002.607,3411826.457,168.64720105255654,1515124.02
NER,Niger,2023,3411826.457,1515124.02,-55.59199627837342,1598430.035
NGA,Nigeria,2022,3978428.503,5188515.461,30.416204717202127,4024633.098
NGA,Nigeria,2023,5188515.461,4024633.098,-22.431895438077408,9249846.286
NGA,Nigeria,2024,4024633.098,9249846.286,129.83079601955805,9156233.669
NIC,Nicaragua,2022,2146072.23,2525363.96,17.6737634781286,2399163.88
NIC,Nicaragua,2023,2525363.96,2399163.88,-4.997302646229262,3574723.7
NLD,Netherlands,2022,1117182422.078,1032854564.942,-7.548262080524607,896581009.853
NLD,Netherlands,2023,1032854564.942,896581009.853,-13.193876438610932,843992979.435
NLD,Netherlands,2024,896581009.853,843992979.435,-5.865396415949322,918399424.133
NOR,Norway,2022,316466994.079,308947706.073,-2.376010183268254,276357829.09
NOR,Norway,2023,308947706.073,276357829.09,-10.548670969998888,281098415.76
NOR,Norway,2024,276357829.09,281098415.76,1.715379906409735,328249168.006
NZL,New Zealand,2022,107433497.939,102286060.44,-4.791277951242616,71409718.674
NZL,New Zealand,2023,102286060.44,71409718.674,-30.186265492267893,80589856.369
NZL,New Zealand,2024,71409718.674,80589856.369,12.855585857870716,78129040.989
OMN,Oman,2022,32007799.69,33926800.987,5.995417728134383,25366946.644
OMN,Oman,2023,33926800.987,25366946.644,-25.230360935827544,27387178.111
PAK,Pakistan,2022,1228248.751,926544.571,-24.56376851630114,634850.748
PAK,Pakistan,2023,926544.571,634850.748,-31.481898672740694,720951.536
PAK,Pakistan,2024,634850.748,720951.536,13.562366945498178,976787.612
PAN,Panama,2022,38074114.0,38222817.0,0.3905619445274551,36291214.0
PAN,Panama,2023,38222817.0,36291214.0,-5.05353386172453,39253600.0
PAN,Panama,2024,36291214.0,39253600.0,8.162818692149564,32266060.0
PER,Peru,2022,28291609.76,21985804.094,-22.288606832529705,18948745.05
PER,Peru,2023,21985804.094,18948745.05,-13.813727398893832,24904148.705
PHL,Philippines,2022,97371475.0,86243741.0,-11.428125125967332,112755940.0
PHL,Philippines,2023,86243741.0,112755940.0,30.7410122666177,100543050.0
PHL,Philippines,2024,112755940.0,100543050.0,-10.831260863064065,100646084.0
PNG,Papua New Guinea,2022,2469102.629,3096414.455,25.406470295407065,3322369.498
POL,Poland,2022,443807607.0,415350751.0,-6.4119802254763965,352585558.0
POL,Poland,2023,415350751.0,352585558.0,-15.111371015674413,363738958.0
POL,Poland,2024,352585558.0,363738958.0,3.1633173131838825,432592351.0
PRT,Portugal,2022,144530351.39,169774010.44,17.465991611604572,172624759.006
PRT,Portugal,2023,169774010.44,172624759.006,1.6791430906366558,192764125.801
PRT,Portugal,2024,172624759.006,192764125.801,11.666557515251906,204341337.695
PRY,Paraguay,2022,7354976.0,5841311.06,-20.580147916186274,6550951.07
PRY,Paraguay,2023,5841311.06,6550951.07,12.14864270556413,8204169.272
PRY,Paraguay,2024,6550951.07,8204169.272,25.236308199139085,19059078.849
PSE,State of Palestine,2022,18507676.9,17446715.863,-5.732545703777641,15069990.654
PYF,French Polynesia,2022,5181700.19,4756810.475,-8.199812791561774,4366783.367
PYF,French Polynesia,2023,4756810.475,4366783.367,-8.19934092497137,4400859.637
PYF,French Polynesia,2024,4366783.367,4400859.637,0.7803517403111078,4845893.748
QAT,Qatar,2022,81467484.764,137341001.138,68.58382400764899,59075944.462
QAT,Qatar,2023,137341001.138,59075944.462,-56.985937212849805,63943256.991
ROU,Romania,2022,243316267.98,245307956.81,0.8185596657942021,248721722.87
ROU,Romania,2023,245307956.81,248721722.87,1.3916246763426794,247755022.67
ROU,Romania,2024,248721722.87,247755022.67,-0.3886673784843817,256799987.72
S19,"Other Asia, nes",2022,118538560.46,131265725.37,10.736729770136447,108479260.715
S19,"Other Asia, nes",2023,131265725.37,108479260.715,-17.359036100834064,118620560.243
SAU,Saudi Arabia,2022,174623333.501,186419089.74,6.754971401878818,196446003.356
SAU,Saudi Arabia,2023,186419089.74,196446003.356,5.378694655136768,257778423.689
SAU,Saudi Arabia,2024,196446003.356,257778423.689,31.221006935861766,244888936.661
SEN,Senegal,2022,12725718.562,15086254.594,18.549333937407248,13043529.926
SEN,Senegal,2023,15086254.594,13043529.926,-13.540303560914435,17182147.811
SGP,Singapore,2022,159517006.291,190508001.594,19.42801963476199,212135269.912
SGP,Singapore,2023,190508001.594,212135269.912,11.352419917820992,219073549.95
SGP,Singapore,2024,212135269.912,219073549.95,3.270686690090805,222004815.332
SLV,El Salvador,2022,9790811.9,10298516.82,5.185524195393846,10562589.13
SLV,El Salvador,2023,10298516.82,10562589.13,2.5641780716147875,13494092.67
SLV,El Salvador,2024,10562589.13,13494092.67,27.753645473853616,14870014.32
SRB,Serbia,2022,32322004.0,35558701.0,10.013911884919017,29482240.0
SRB,Serbia,2023,35558701.0,29482240.0,-17.088534814587295,41155648.0
SRB,Serbia,2024,29482240.0,41155648.0,39.59471193504971,49384713.0
STP,Sao Tome and Principe,2022,247914.64,342784.889,38.26730402044833,167539.968
SUR,Suriname,2022,1052962.26,2560701.06,143.1902032272268,1527509.265
SUR,Suriname,2023,2560701.06,1527509.265,-40.348005127939466,2136271.693
SUR,Suriname,2024,1527509.265,2136271.693,39.85327237933317,2860415.85
SVK,Slovakia,2022,132648889.961,141512283.697,6.681845387930439,126485759.743
SVK,Slovakia,2023,141512283.697,126485759.743,-10.618529756875482,134230276.247
SVK,Slovakia,2024,126485759.743,134230276.247,6.122836689075275,162498940.4
SVN,Slovenia,2022,53272287.977,55157010.122,3.537903507755704,49004218.731
SVN,Slovenia,2023,55157010.122,49004218.731,-11.155048791424415,57234079.971
SVN,Slovenia,2024,49004218.731,57234079.971,16.79418926190084,55546685.816
SWE,Sweden,2022,377066491.987,389379576.14,3.2654941276045584,309974067.871
SWE,Sweden,2023,389379576.14,309974067.871,-20.392828266999306,311720193.585
SWE,Sweden,2024,309974067.871,311720193.585,0.5633134816705574,362324625.402
SWZ,Eswatini,2022,2016281.85,2831069.61,40.41040988391577,4324463.48
SYC,Seychelles,2022,2953628.898,3671298.74,24.297901557164415,13520468.924
SYC,Seychelles,2023,3671298.74,13520468.924,268.27482265853416,8162208.836
TGO,Togo,2022,4414817.128,5127815.193,16.150115493526744,5540348.345
TGO,Togo,2023,5127815.193,5540348.345,8.045008185223804,8121588.878
TGO,Togo,2024,5540348.345,8121588.878,46.58985991971954,6862656.336
THA,Thailand,2022,101539122.442,83017515.64,-18.240857668018254,82466162.506
THA,Thailand,2023,83017515.64,82466162.506,-0.6641407295189486,88890202.635
THA,Thailand,2024,82466162.506,88890202.635,7.7899103508455525,105366117.047
TJK,Tajikistan,2022,2544741.0,3108122.0,22.139031044809666,5163239.0
TLS,Timor-Leste,2022,1149499.24,2855087.62,148.37664268486165,2739567.11
TON,Tonga,2022,188918.208,185846.959,-1.6257030132320598,333722.733
TTO,Trinidad and Tobago,2022,8151827.339,7649461.702,-6.162613805576828,7164224.349
TTO,Trinidad and Tobago,2023,7649461.702,7164224.349,-6.343418294036701,6605983.085
TTO,Trinidad and Tobago,2024,7164224.349,6605983.085,-7.7920684334504555,9624694.749
TUN,Tunisia,2022,6637076.72,8111474.65,22.214568132941526,8348902.436
TUN,Tunisia,2023,8111474.65,8348902.436,2.927060691732537,3527409.829
TUR,Türkiye,2022,44419964.0,62988820.0,41.80295148370674,79778582.0
TUR,Türkiye,2023,62988820.0,79778582.0,26.655146103705384,78353399.0
TUR,Türkiye,2024,79778582.0,78353399.0,-1.78642307781304,104528702.0
TZA,United Rep. of Tanzania,2022,4628780.14,6975174.75,50.691424933395105,6122875.72
TZA,United Rep. of Tanzania,2023,6975174.75,6122875.72,-12.219034799092313,10240710.036
UGA,Uganda,2022,2638588.35,3763538.18,42.63453334810639,3762457.11
UGA,Uganda,2023,3763538.18,3762457.11,-0.0287248314829185,4689613.28
UKR,Ukraine,2022,45377095.48,23458756.58,-48.30264843561997,24883184.17
UKR,Ukraine,2023,23458756.58,24883184.17,6.072050686669446,28882584.84
URY,Uruguay,2022,17114813.47,16685506.38,-2.508394793507487,18613105.51
URY,Uruguay,2023,16685506.38,18613105.51,11.552535992018246,24339564.0
USA,USA,2022,8589938697.0,9178769246.0,6.854886510489844,6684469437.0
USA,USA,2023,9178769246.0,6684469437.0,-27.174665166432703,7199691221.0
USA,USA,2024,6684469437.0,7199691221.0,7.707743880885067,6433593498.0
UZB,Uzbekistan,2022,6986334.8,23155090.86,231.43402832626916,15150881.74
UZB,Uzbekistan,2023,23155090.86,15150881.74,-34.56781564103955,14461771.89
VCT,Saint Vincent and the Grenadines,2022,1037488.621,1309333.324,26.20218646234193,3561224.572
VNM,Viet Nam,2022,16480319.009,17312413.443,5.049018975576799,22468214.935
WSM,Samoa,2022,631487.745,665394.467,5.369339669449951,982048.306
WSM,Samoa,2023,665394.467,982048.306,47.588889704428524,866978.676
ZAF,South Africa,2022,50457731.904,45588888.956,-9.649349592770786,38922191.173
ZAF,South Africa,2023,45588888.956,38922191.173,-14.623514491512058,41127604.225
ZAF,South Africa,2024,38922191.173,41127604.225,5.666209906316574,52449212.704
ZMB,Zambia,2022,5450992.936,6330647.175,16.13750465883928,5163896.559
ZMB,Zambia,2023,6330647.175,5163896.559,-18.430194950802946,4750720.195
ZWE,Zimbabwe,2022,1796052.48,2959953.62,64.80329238486395,2537266.86
ZWE,Zimbabwe,2023,2959953.62,2537266.86,-14.280181863119875,9616606.845
