reporterISO,reporterDesc,refYear,previous_import_value,import_value,growth_percent
AGO,Angola,2025,9524936.44,12792968.42,34.310275985421704
AND,Andorra,2025,13467824.126,14318404.506,6.315648110951572
ARG,Argentina,2025,4675935.36,18621188.97,298.23452499565775
ARM,Armenia,2025,15780482.02,17417760.83,10.375340930175202
AUS,Australia,2025,577250074.218,603201415.975,4.4956844383530346
AUT,Austria,2025,477890248.121,509038568.896,6.51788164698297
AZE,Azerbaijan,2025,35850301.11,25263011.91,-29.531939404120667
BEL,Belgium,2025,364914166.269,393631512.471,7.869616708941564
BGR,Bulgaria,2025,98990085.415,116167423.167,17.352584028983067
BIH,Bosnia Herzegovina,2025,36915023.099,38965705.484,5.555143171657799
BLZ,Belize,2025,727664.28,742966.825,2.1029677312180177
BMU,Bermuda,2025,13456870.54,14365629.68,6.753123895327306
BOL,Bolivia (Plurinational State of),2025,2152275.0,2080165.0,-3.350408288903602
BRA,Brazil,2025,11133998.0,11631040.0,4.4641825874227745
BRB,Barbados,2025,4935583.5,8504804.0,72.31607975024636
CAN,Canada,2025,735820633.42,772380931.709,4.968642713791873
CHE,Switzerland,2025,664715571.551,707534511.95,6.441693595215376
CHL,Chile,2025,71301016.28,74093861.743,3.9169784790057687
COL,Colombia,2025,28123030.33,31998532.54,13.780528501104813
CYP,Cyprus,2025,47546483.05,57706523.135,21.36864691824983
CZE,Czechia,2025,374920995.0,298126959.0,-20.482724900482033
DEU,Germany,2025,2258093198.564,2764834109.814,22.44109816070719
DNK,Denmark,2025,333523163.187,378263453.536,13.414447716758737
DOM,Dominican Rep.,2025,42484881.035,47607145.959,12.056677103038528
ECU,Ecuador,2025,13109451.765,11539154.466,-11.978359790700221
EGY,Egypt,2025,22158806.678,24480132.866,10.475862810359237
ESP,Spain,2025,675894610.212,788217443.6,16.61839459746084
EST,Estonia,2025,36567881.31,29313231.89,-19.838856286202493
FIN,Finland,2025,106947705.839,114157945.3,6.741836493299214
FJI,Fiji,2025,7916682.485,6279551.402,-20.67950920226909
FRA,France,2025,1488445256.97,1504455337.143,1.0756243871266906
GBR,United Kingdom,2025,1713201481.749,1825778303.436,6.571137305582461
GEO,Georgia,2025,32432153.034,33978969.707,4.769392495707598
GHA,Ghana,2025,13166815.062,15266497.17,15.9467729903777
GRC,Greece,2025,144004796.335,146795229.227,1.9377360775599266
GTM,Guatemala,2025,26046926.0,23611522.0,-9.350063036229304
GUY,Guyana,2025,3911712.417,3716055.296,-5.001827847816447
HKG,"China, Hong Kong SAR",2025,248471363.169,239070602.048,-3.783438461922866
HRV,Croatia,2025,111701239.0,131843698.0,18.032440087795266
HUN,Hungary,2025,137629982.633,148739987.981,8.072372847438068
IDN,Indonesia,2025,65959882.0,61344884.587,-6.996673239955163
IND,India,2025,48455243.059,73693910.889,52.086557071376006
IRL,Ireland,2025,163731005.955,167421152.32,2.253785923732847
ISL,Iceland,2025,35234600.617,42744903.901,21.315136690882284
ISR,Israel,2025,176939000.0,177279000.0,0.19215661894777297
ITA,Italy,2025,481309995.631,549566613.109,14.181425297123779
JAM,Jamaica,2025,13829906.8,12372497.954,-10.538095932793999
JPN,Japan,2025,881636585.987,867743868.685,-1.575787294086375
KAZ,Kazakhstan,2025,88348075.14,68475236.62,-22.493799087879022
KGZ,Kyrgyzstan,2025,7926337.0,6151720.0,-22.388866383046796
KOR,Rep. of Korea,2025,217073667.0,221678645.0,2.121389509672769
KWT,Kuwait,2025,81156993.0,71316574.884,-12.125163528422002
LKA,Sri Lanka,2025,4399198.132,2778609.789,-36.838266756201655
LTU,Lithuania,2025,57191558.0,58843710.0,2.888803973481541
LUX,Luxembourg,2025,44867118.834,48382652.428,7.835434245302947
LVA,Latvia,2025,31346695.459,35578111.926,13.498764080362136
MAC,"China, Macao SAR",2025,10503762.355,7825466.045,-25.49844731326274
MAR,Morocco,2025,56343520.754,64685976.347,14.806415150064517
MDA,Rep. of Moldova,2025,12383578.0,13441852.0,8.54578539417283
MDV,Maldives,2025,10713616.805,12019052.331,12.184825626680611
MEX,Mexico,2025,175117187.0,174745291.0,-0.2123697886946985
MKD,North Macedonia,2025,15349718.65,16875617.088,9.940888642932872
MLT,Malta,2025,19825395.718,22387698.204,12.92434472656513
MMR,Myanmar,2025,1884126.365,445914.23,-76.3331038573944
MNE,Montenegro,2025,25796617.141,41015674.156,58.996328595393656
MUS,Mauritius,2025,12123173.993,11861652.405,-2.157203948000793
MYS,Malaysia,2025,233158802.833,316400977.891,35.70192248654758
NGA,Nigeria,2025,9249846.286,9156233.669,-1.0120451097840064
NLD,Netherlands,2025,843992979.435,918399424.133,8.816002799906048
NOR,Norway,2025,281098415.76,328249168.006,16.77375239505334
NZL,New Zealand,2025,80589856.369,78129040.989,-3.053505107060343
PAK,Pakistan,2025,720951.536,976787.612,35.485890968404846
PAN,Panama,2025,39253600.0,32266060.0,-17.801016976786844
PHL,Philippines,2025,100543050.0,100646084.0,0.10247749595819901
POL,Poland,2025,363738958.0,432592351.0,18.929342454431293
PRT,Portugal,2025,192764125.801,204341337.695,6.005895467267456
PRY,Paraguay,2025,8204169.272,19059078.849,132.30967349792147
PYF,French Polynesia,2025,4400859.637,4845893.748,10.112435926344896
ROU,Romania,2025,247755022.67,256799987.72,3.6507695999558205
SAU,Saudi Arabia,2025,257778423.689,244888936.661,-5.0002195077236875
SGP,Singapore,2025,219073549.95,222004815.332,1.3380279740155823
SLV,El Salvador,2025,13494092.67,14870014.32,10.196473995313095
SRB,Serbia,2025,41155648.0,49384713.0,19.994983434594445
SUR,Suriname,2025,2136271.693,2860415.85,33.897568337062644
SVK,Slovakia,2025,134230276.247,162498940.4,21.059827144348734
SVN,Slovenia,2025,57234079.971,55546685.816,-2.948233213244607
SWE,Sweden,2025,311720193.585,362324625.402,16.23392800928734
TGO,Togo,2025,8121588.878,6862656.336,-15.501062180212461
THA,Thailand,2025,88890202.635,105366117.047,18.535129770885124
TTO,Trinidad and Tobago,2025,6605983.085,9624694.749,45.69663023894952
TUR,Türkiye,2025,78353399.0,104528702.0,33.40672304465056
USA,USA,2025,7199691221.0,6433593498.0,-10.640702489649174
ZAF,South Africa,2025,41127604.225,52449212.704,27.52800386101265
