reporterISO,reporterDesc,demand,growth_percentage,gdp_per_capita,logistics_lpi,demand_log,demand_norm,growth_norm,gdp_norm,logistics_norm,market_score,market_score_100,rank
USA,USA,7199691221.0,-5.715290172917209,86169.6641581917,3.8,22.697303976215466,1.0,0.15963609398699075,0.6239986760469878,0.7727272727272727,0.6726360449158866,67.26360449158865,1
CHE,Switzerland,664715571.551,-3.0778730931590115,107702.065940312,4.1,20.3148697966763,0.7461689871855572,0.18711425737466758,0.7808654673484389,0.909090909090909,0.6284271761824806,62.84271761824806,2
SGP,Singapore,219073549.95,11.15465415661625,94896.5621495988,4.3,19.20491808048285,0.6279117145539962,0.33539710281098445,0.6875754428089681,1.0,0.605759194945589,60.5759194945589,3
DEU,Germany,2258093198.564,-5.471359121039498,56103.7323182554,4.1,21.537786577094003,0.8764618647924619,0.1621775112509747,0.404963832514799,0.909090909090909,0.6003766510337759,60.03766510337759,4
NLD,Netherlands,843992979.435,-8.923797632131969,67465.3208126875,4.1,20.553654735505503,0.7716097835728787,0.12620797491112357,0.4877347165640167,0.909090909090909,0.5677960880878159,56.77960880878159,5
IRL,Ireland,163731005.955,2.1558281749987307,112894.953240805,3.6,18.913735437691432,0.5968883243724347,0.24164203747910015,0.8186964337525118,0.6818181818181819,0.5530957512680236,55.30957512680236,6
GBR,United Kingdom,1713201481.749,-7.498984512067097,53341.3131094262,3.7,21.261629669190174,0.8470393572449533,0.14105251656914514,0.3848391923607056,0.7272727272727274,0.5530849937748605,55.30849937748605,7
FRA,France,1488445256.97,-6.769809151153561,46103.0840855884,3.9,21.120997961102915,0.8320560728360137,0.14864949463500618,0.33210760332741457,0.8181818181818182,0.5517011214541624,55.17011214541624,8
CAN,Canada,735820633.42,-2.375737703185743,55015.7066917734,4.0,20.416496943758997,0.7569966196527982,0.19442951710890896,0.3970374018914532,0.8636363636363636,0.5506374862066463,55.06374862066463,9
DNK,Denmark,333523163.187,-4.033913725220573,71026.4832271897,4.1,19.625222878739955,0.6726921301258576,0.17715366339252278,0.5136783213192537,0.909090909090909,0.5436068853563347,54.36068853563347,10
AUT,Austria,477890248.121,-2.0871879612806343,58268.8787651601,4.0,19.984891659743244,0.7110122196141054,0.1974357981459103,0.42073725060630524,0.8636363636363636,0.5375849521415399,53.75849521415399,11
NOR,Norway,281098415.76,-3.8734567171209933,89888.9535204758,3.7,19.45421540355923,0.6544725289310995,0.17882539893981142,0.651094259442036,0.7272727272727274,0.5368638523397185,53.68638523397185,12
AUS,Australia,577250074.218,-4.424892947475955,64609.9865116088,3.7,20.173786136502898,0.7311375505729786,0.173080211744403,0.46693317596323186,0.7272727272727274,0.5295486068616275,52.95486068616275,13
ESP,Spain,675894610.212,0.7778254250816241,35326.7683069278,3.9,20.331547721279517,0.7479458986024745,0.22728519380750242,0.2536005191964947,0.8181818181818182,0.518082774769062,51.8082774769062,14
BEL,Belgium,364914166.269,-4.866215698821819,56581.9375642531,4.0,19.715172725725626,0.6822756313024961,0.16848225158055496,0.4084476297837813,0.8636363636363636,0.5178416833393203,51.78416833393204,15
HKG,"China, Hong Kong SAR",248471363.169,3.817119627296983,54274.7547767073,4.0,19.330838162128533,0.6413275822964507,0.2589503495815559,0.39163945554987983,0.8636363636363636,0.516194448490322,51.619444849032206,16
SWE,Sweden,311720193.585,-6.146818567183654,57222.7100565003,4.0,19.55761653116952,0.6654891661053329,0.15514017719966097,0.4131157539359377,0.8636363636363636,0.5093923072147074,50.93923072147074,17
LUX,Luxembourg,44867118.834,-10.014268296305351,137781.681659123,3.6,17.61921578676782,0.4589666823291282,0.11484680973569679,1.0,0.6818181818181819,0.508828762151518,50.882876215151796,18
JPN,Japan,881636585.987,-9.648004059754022,33797.1014287876,3.9,20.59729049616763,0.7762588561134426,0.11866276611675686,0.24245666551208087,0.8181818181818182,0.5054547014984173,50.545470149841734,19
ITA,Italy,481309995.631,2.1320203472739996,40429.6224047352,3.7,19.992022104119975,0.7117719165381619,0.24139399351777652,0.29077558015356764,0.7272727272727274,0.5002335904404427,50.02335904404427,20
FIN,Finland,106947705.839,-3.8083984708315533,53155.5451165897,4.2,18.487850551832242,0.5515133911010727,0.17950321403965938,0.3834858445429545,0.9545454545454547,0.4763849863387701,47.638498633877006,21
SAU,Saudi Arabia,257778423.689,13.862687362125502,35527.786181866,3.4,19.36761095485466,0.64524545557994,0.363610986557828,0.25506496470307893,0.5909090909090909,0.470469736120521,47.0469736120521,22
ISL,Iceland,35234600.617,8.483832909705669,85863.1479330343,3.6,17.377539158222692,0.4332177974600167,0.30757091514990503,0.6217656591634648,0.6818181818181819,0.46142716111940796,46.14271611194079,23
ISR,Israel,176939000.0,-4.648959619506687,54216.5218142787,3.6,18.991315604021885,0.6051539261519477,0.17074575328083763,0.39121521964454126,0.6818181818181819,0.4567264923185822,45.67264923185822,24
KOR,Rep. of Korea,217073667.0,-8.8991452653722,36238.639908315,3.8,19.19574733776409,0.6269346386991601,0.12646481777716734,0.2602436412056383,0.7727272727272727,0.4440246381853161,44.402463818531615,25
POL,Poland,363738958.0,-6.416699290788042,25103.565661423,3.6,19.7119470227247,0.6819319561374924,0.1523284009829597,0.17912294757898561,0.6818181818181819,0.4413357794401134,44.133577944011336,26
PRT,Portugal,192764125.801,10.075090580298362,29328.3067415343,3.4,19.076977858518443,0.6142806155713532,0.3241495740961983,0.2099008228955602,0.5909090909090909,0.4411586892632566,44.11586892632566,27
GRC,Greece,144004796.335,8.485599454193737,24626.1481858973,3.7,18.785357171811736,0.5832105550004772,0.3075893200500807,0.17564488933658637,0.7272727272727274,0.4390219729684335,43.90219729684335,28
CZE,Czechia,374920995.0,-4.5562838898176246,31827.7552539413,3.3,19.742225884405766,0.68515794835729,0.1717113035770015,0.22810968190403552,0.5454545454545454,0.4358455582573052,43.58455582573052,29
QAT,Qatar,63943256.991,-7.756278656943605,75685.0865779973,3.5,17.9735066541765,0.49671379428612994,0.1383718747374567,0.5476169486485184,0.6363636363636364,0.43133782784619246,43.13378278461924,30
MYS,Malaysia,233158802.833,6.60780253647153,11874.4273684245,3.6,19.267230340887426,0.6345506321388296,0.2880253265846341,0.08274668186073163,0.6818181818181819,0.4302473818173323,43.02473818173323,31
NZL,New Zealand,80589856.369,-9.138433113540378,49432.3626396797,3.6,18.204883360464162,0.5213652974433032,0.12397177614218496,0.35636189922127515,0.6818181818181819,0.4068855813227406,40.68855813227406,32
TUR,Türkiye,78353399.0,20.82585572075024,15892.7157287241,3.4,18.1767399208471,0.5183668188941655,0.4361573726879025,0.11202051800694247,0.5909090909090909,0.40561866933299884,40.56186693329988,33
ROU,Romania,247755022.67,0.6044305109707881,20080.2096215595,3.2,19.327951008143362,0.6410199770637434,0.22547866354078916,0.14252704195212354,0.5000000000000001,0.4050091319240799,40.50091319240799,34
HRV,Croatia,111701239.0,6.358601393640662,24049.9441746337,3.3,18.531338365141643,0.5561467009285642,0.2854290024113903,0.17144715629702365,0.5454545454545454,0.3956520939312903,39.56520939312903,35
SVK,Slovakia,134230276.247,0.3958177019518505,25992.6748502048,3.3,18.71506736992395,0.5757216884634995,0.22330521251744548,0.18560024198265263,0.5454545454545454,0.3938879481036012,39.388794810360125,36
MEX,Mexico,175117187.0,15.149933622191014,13988.0423745241,2.9,18.980965953489427,0.6040512462544332,0.3770222757034563,0.09814468564165463,0.3636363636363636,0.39119934531625,39.119934531625,37
HUN,Hungary,137629982.633,2.1389698783039535,23305.4482514359,3.2,18.740079364035413,0.5783865342973724,0.24146639782219026,0.1660233913222299,0.5000000000000001,0.387852571547833,38.785257154783295,38
BHR,Bahrain,34434860.906,15.860749949690977,29717.1424605273,3.5,17.354580036672658,0.4307716702484342,0.38442797855401317,0.21273354969487493,0.6363636363636364,0.38719551920369677,38.719551920369675,39
BHS,Bahamas,36602283.0,29.218661287238913,39455.4466548546,2.7,17.415621200796107,0.43727516178070586,0.5235985606619042,0.2836785630351918,0.2727272727272728,0.3772745803607924,37.72745803607924,40
CHN,China,183249388.0,-18.284209036507903,13293.1162269366,3.7,19.02635856448264,0.6088874984042943,0.028685699833987752,0.09308204395093304,0.7272727272727274,0.37699945720961103,37.699945720961104,41
SVN,Slovenia,57234079.971,2.419924685001429,34301.0318686594,3.3,17.862660100090395,0.48490390113889953,0.24439355035420243,0.2461278746944888,0.5454545454545454,0.37388402728347986,37.388402728347984,42
BGR,Bulgaria,98990085.415,4.068063245756104,17596.9167621233,3.2,18.410530265862576,0.5432754776815384,0.26156482789142815,0.1244358793097365,0.5000000000000001,0.3695103325128483,36.951033251284834,43
MLT,Malta,19825395.718,12.178861196937586,44023.6341078148,3.3,16.802474336281186,0.37194882833550363,0.3460678945536916,0.3169584969255417,0.5454545454545454,0.36320299144822993,36.32029914482299,44
KWT,Kuwait,81156993.0,-6.085676899235892,32855.7209688827,3.2,18.211896034286237,0.5221124467723726,0.1557771870812447,0.2355985670224926,0.5000000000000001,0.36212012952969647,36.212012952969644,45
EST,Estonia,36567881.31,-2.0069334400346195,31428.3547816104,3.6,17.414680880600876,0.43717497751136697,0.1982719369820173,0.22519998928484722,0.6818181818181819,0.361837103530647,36.183710353064704,46
LTU,Lithuania,57191558.0,-5.0269654921325735,29603.7772588256,3.4,17.861916875530444,0.4848247159742385,0.16680746562461768,0.21190766711957607,0.5909090909090909,0.3583092765748978,35.83092765748978,47
CYP,Cyprus,47546483.05,-1.157235652237687,38674.3125,3.2,17.677218402055676,0.46514643860984545,0.2071245886245752,0.27798788302244193,0.5000000000000001,0.35808106977334164,35.80810697733416,48
THA,Thailand,88890202.635,-4.337844243239719,7386.63615126055,3.5,18.30291249908035,0.5318095883093313,0.17398713637761581,0.05005244666157676,0.6363636363636364,0.35298629738611653,35.29862973861165,49
PHL,Philippines,100543050.0,1.0741510441069746,3985.29464669706,3.3,18.42609656189916,0.544933953169621,0.23037248850883177,0.02527316131569532,0.5454545454545454,0.35092089305093566,35.092089305093566,50
ZWE,Zimbabwe,9616606.845,74.94476296313093,2496.15514995576,2.5,16.079002145593783,0.2948681347816575,1.0,0.01442455571109271,0.1818181818181818,0.3481048923276089,34.81048923276089,51
KAZ,Kazakhstan,88348075.14,11.628626649875496,14154.6324958076,2.7,18.296794981054294,0.5311578113117545,0.34033522720207854,0.09935831977558397,0.2727272727272728,0.34131092482932524,34.13109248293252,52
IDN,Indonesia,65959882.0,10.921112491308183,4925.43644992666,3.0,18.004557281851795,0.5000220125525707,0.3329639282909523,0.03212223600477376,0.4090909090909091,0.33438967424380983,33.438967424380984,53
ZAF,South Africa,41127604.225,-6.588166711037113,6267.186814093,3.7,17.53219011397952,0.4496947306192239,0.15054195248172403,0.04189708957123,0.7272727272727274,0.3274566097491895,32.74566097491895,54
URY,Uruguay,24339564.0,12.455372387755137,24308.4954958447,3.0,17.007613773548012,0.39380494153972884,0.34894875088017835,0.17333074162835432,0.4090909090909091,0.3233415114812344,32.33415114812344,55
PAN,Panama,39253600.0,1.0221395576925474,19161.218843129,3.1,17.485553743207287,0.4447259649220344,0.229830602232027,0.1358320556655626,0.4545454545454546,0.3192047357301499,31.92047357301499,56
DOM,Dominican Rep.,42484881.035,20.326467663078418,10875.6618443092,2.6,17.564658853788877,0.45315403840677915,0.430954453988438,0.07547052453207846,0.2272727272727273,0.3166375201577241,31.663752015772413,57
LVA,Latvia,31346695.459,-12.369076420959491,23578.9663562625,3.5,17.2606194433823,0.42076085325950446,0.09031303277168032,0.16801601192726756,0.6363636363636364,0.3154246956981368,31.54246956981368,58
GEO,Georgia,32432153.034,22.007837264472506,8967.67525638987,2.7,17.294660897107633,0.4243877222622186,0.4484719520651608,0.061570554759935496,0.2727272727272728,0.3126726811789976,31.26726811789976,59
CRI,Costa Rica,21522623.2,15.999688977064608,18853.2828705886,2.9,16.884615228202673,0.38070034221528926,0.38587552711369993,0.13358869570843904,0.3636363636363636,0.310718435995998,31.071843599599802,60
MNE,Montenegro,25796617.141,19.028492541064956,13270.1824401005,2.8,17.065753961493936,0.3999993551853518,0.41743138524456863,0.0929149678583646,0.3181818181818181,0.3097962854220001,30.97962854220001,61
SRB,Serbia,41155648.0,8.386964813720056,13677.7794863909,2.8,17.53287175391586,0.44976735439070165,0.3065616863142482,0.09588437375383774,0.3181818181818181,0.3081234264971706,30.81234264971706,62
OMN,Oman,27387178.111,-5.064096354284198,20285.2272765262,3.3,17.12558554619467,0.4063739748383565,0.16642061444936812,0.1440206264588681,0.5454545454545454,0.3064560199351717,30.645601993517168,63
BIH,Bosnia Herzegovina,36915023.099,6.0239931140409375,9397.90942855997,3.0,17.424129183299247,0.43818162536082345,0.2819428564209527,0.06470487552821134,0.4090909090909091,0.30596583289779855,30.596583289779854,64
CHL,Chile,71301016.28,-14.215739560905005,16658.9652720351,3.0,18.082421152884425,0.5083178410021477,0.0710734093268836,0.11760276138191086,0.4090909090909091,0.3024260069062543,30.24260069062543,65
IND,India,48455243.059,-9.977129293622532,2591.9916607122,3.4,17.69615112695577,0.46716358257881646,0.1152337457237914,0.015122739131781667,0.5909090909090909,0.30157309363900486,30.157309363900488,66
ALB,Albania,18200434.557,31.32130015153831,11374.0085781236,2.5,16.716956083463963,0.36283748124640325,0.5455050898574287,0.07910105557455306,0.1818181818181818,0.29732894885768496,29.732894885768495,67
COL,Colombia,28123030.33,8.797032493700897,7951.08624019412,2.9,17.152099418883388,0.40919883489787434,0.3108340127494558,0.05416455060598444,0.3636363636363636,0.2912247011756923,29.122470117569232,68
ARM,Armenia,15780482.02,30.090881519643165,8556.21406956719,2.5,16.574284482545984,0.3476368611109612,0.5326858643879568,0.058572998018468964,0.1818181818181818,0.2845792441983969,28.457924419839692,69
ATG,Antigua and Barbuda,6929787.019,21.684768517497943,23059.8330702839,2.9,15.751339781809348,0.2599580959756052,0.4451060317171993,0.1642340477203363,0.3636363636363636,0.2803967088232038,28.03967088232038,70
GTM,Guatemala,26046926.0,14.06176308364051,6150.89465281457,2.6,17.075410353754123,0.4010281734623003,0.36568507459050675,0.04104988365440534,0.2272727272727273,0.27584917012481164,27.584917012481164,71
UZB,Uzbekistan,14461771.89,27.4453627060532,3337.45492058664,2.6,16.48701937368002,0.33833939923056844,0.5051232923689485,0.020553551300014777,0.2272727272727273,0.27456203751692915,27.456203751692914,72
FJI,Fiji,7916682.485,47.38428894865623,6425.74151715712,2.3,15.884482924195611,0.274143528241247,0.712858761011365,0.04305218447272286,0.0909090909090908,0.27447596402967994,27.447596402967996,73
PER,Peru,24904148.705,-4.161939994943364,8526.29665719783,3.0,17.030545002368843,0.3962480969841311,0.17581981036474145,0.05835504516165757,0.4090909090909091,0.26669784626256865,26.669784626256863,74
BRA,Brazil,11133998.0,3.9170309056475894,10310.5486973693,3.2,16.225513957910604,0.31047790147701765,0.25999128408215494,0.07135359011019074,0.5000000000000001,0.2654601354292762,26.54601354292762,75
MUS,Mauritius,12123173.993,23.63577257851062,11990.9355434317,2.5,16.310629467417908,0.3195463391992448,0.46543274028748066,0.0835954614701175,0.1818181818181818,0.26489690330394483,26.489690330394485,76
NGA,Nigeria,9249846.286,32.47715289758189,1084.16041805058,2.6,16.0401175997307,0.29072526957932676,0.557547444042377,0.004137961341836625,0.2272727272727273,0.26271809799948254,26.271809799948254,77
MKD,North Macedonia,15349718.65,-1.9043306964271034,9291.8566035502,3.1,16.546607767987044,0.344688108718049,0.1993409127517237,0.06393226471887976,0.4545454545454546,0.2587116971631585,25.87116971631585,78
MRT,Mauritania,5360973.734,48.57459251411027,2104.54260769051,2.3,15.494656369871876,0.23261034761625365,0.7252600441089474,0.011571599335851574,0.0909090909090908,0.2540468313718249,25.404683137182488,79
SLV,El Salvador,13494092.67,11.286288986275416,5503.10317151907,2.7,16.41776264174909,0.3309605987746217,0.33676855193999944,0.03633062510947061,0.2727272727272728,0.2479131658288336,24.79131658288336,80
JAM,Jamaica,13829906.8,11.783782800057075,7753.8119527678,2.5,16.44234403695205,0.33357956743043854,0.3419517352917597,0.05272737769847612,0.1818181818181818,0.23964037684294986,23.964037684294986,81
LKA,Sri Lanka,4399198.132,27.350968805630703,4545.36006870612,2.8,15.29693306686712,0.2115443695129585,0.504139841158855,0.02935332230091372,0.3181818181818181,0.2390436532244099,23.90436532244099,82
EGY,Egypt,22158806.678,-16.299880375954068,3338.47371043679,3.1,16.913745613251404,0.38380397261318105,0.04935960369546845,0.02056097333757569,0.4545454545454546,0.23568752263369946,23.568752263369948,83
HND,Honduras,9954250.62,5.19137063315418,3415.96027916712,2.9,16.113510316361236,0.29854472908655055,0.27326810537545,0.02112547466579163,0.3636363636363636,0.23284206218832307,23.284206218832306,84
TGO,Togo,8121588.878,22.530092353184617,1266.08777721447,2.5,15.910036490755228,0.2768660746757108,0.4539131129523848,0.005463329564608841,0.1818181818181818,0.22989444564641032,22.989444564641033,85
UKR,Ukraine,28882584.84,-13.97993073119208,5391.62255859375,2.7,17.178749405376788,0.412038196892093,0.07353020450002423,0.03551847204736143,0.2727272727272728,0.22753410497540527,22.75341049754053,86
KGZ,Kyrgyzstan,7926337.0,23.955894766831044,2514.81066933171,2.3,15.885701696284535,0.27427337953215714,0.4687679616531874,0.014560463980601098,0.0909090909090908,0.2200114005759842,22.00114005759842,87
ARG,Argentina,4675935.36,10.122734008637234,13969.7836603737,2.8,15.35793999155847,0.21804421308307328,0.32464595137315316,0.0980116681580016,0.3181818181818181,0.21947648186673296,21.947648186673298,88
GMB,Gambia,5128240.298,31.26216995510105,871.340287547821,2.3,15.450273331467791,0.22788165807400138,0.5448890366698922,0.0025875346252013706,0.0909090909090908,0.21428434112498287,21.428434112498287,89
PRY,Paraguay,8204169.272,3.709319390040422,6456.60723068562,2.7,15.92015315271281,0.27794393133720774,0.25782722326403096,0.043277045846360516,0.2727272727272728,0.21230751726605232,21.23075172660523,90
MDA,Rep. of Moldova,12383578.0,-3.345192781285611,7578.90216348853,2.5,16.33188187875575,0.32181062886607487,0.1843291635328703,0.05145313352966096,0.1818181818181818,0.20315343823166349,20.315343823166348,91
KHM,Cambodia,5239698.04,14.897430479468877,2627.87969756224,2.4,15.471774619533262,0.23017246374382652,0.37439154935195457,0.0153841888875376,0.1363636363636363,0.1904786785999745,19.04786785999745,92
GUY,Guyana,3911712.417,1.7851461935312507,29675.2501582835,2.4,15.179486050040301,0.1990312451256342,0.23778005443144162,0.21242835796105394,0.1363636363636363,0.19010872598329825,19.010872598329826,93
NIC,Nicaragua,3574723.7,18.540307166015513,2847.87639497305,2.5,15.089398724152048,0.1894330965730545,0.41234518268599835,0.01698689797540192,0.1818181818181818,0.1889123820342291,18.891238203422912,94
NAM,Namibia,5243011.301,-4.814153010874811,4501.84849548225,2.9,15.472406757727772,0.23023981346518677,0.16902467130506083,0.029036333934024973,0.3636363636363636,0.18625358097934638,18.625358097934637,95
TTO,Trinidad and Tobago,6605983.085,-6.768895716497248,18733.4110406494,2.5,15.703486475756492,0.2548596746860544,0.14865901133485723,0.13271541136606674,0.1818181818181818,0.18549148168733387,18.54914816873339,96
GHA,Ghana,13166815.062,-14.75230957117326,2419.2518672482,2.5,16.393210287619883,0.32834472423373484,0.06548310716184633,0.013864303709437212,0.1818181818181818,0.1744800991404779,17.44800991404779,97
IRQ,Iraq,14742236.0,-21.037528231083545,6073.61032342708,2.4,16.50622719711822,0.3403858529454923,0.0,0.04048685567027369,0.1363636363636363,0.1647062577667971,16.47062577667971,98
BFA,Burkina Faso,6237702.955,2.788802027721937,982.493100418428,2.3,15.64612271670373,0.24874798388500033,0.2482367316132756,0.003397299614521842,0.0909090909090908,0.16346236343592324,16.346236343592324,99
AGO,Angola,9524936.44,-4.146700296808737,2720.81900669715,2.1,16.069423910976468,0.29384764363240873,0.17597858650922618,0.016061265757888077,0.0,0.15594702790638634,15.594702790638634,100
GRD,Grenada,1261882.784,6.560368801298577,11528.9220811928,2.5,14.048116229094848,0.07849202940055257,0.28753113401449665,0.08022962378545798,0.1818181818181818,0.13222169059293923,13.222169059293924,101
BEN,Benin,1188127.524,1.3633214579427122,1485.38018885134,2.9,13.987889958238318,0.07207535881177389,0.23338523607130268,0.0070609078244942315,0.3636363636363636,0.13146482684932348,13.146482684932348,102
MDG,Madagascar,2338284.749,-6.583452864905459,550.37875528856,2.3,14.664928632964273,0.14420889937131995,0.15059106410505582,0.0002492815029456474,0.0909090909090908,0.1014879925064919,10.14879925064919,103
BOL,Bolivia (Plurinational State of),2152275.0,-13.542492882139868,4421.16609889999,2.4,14.58203644482823,0.13537734035085333,0.07808768946531937,0.02844855051838763,0.1363636363636363,0.09591272959162818,9.591272959162819,104
CAF,Central African Rep.,604040.01,-13.19883598104048,516.160999996036,2.5,13.311397371963025,0.0,0.08166810932010299,0.0,0.1818181818181818,0.043606349136747866,4.360634913674787,105
